workshop,冲压二车间,PR2
workshop,冲压三车间,PR3
workshop,冲压一车间,PR1
workshop,焊接二车间,WE2
workshop,焊接三车间,WE3
workshop,焊接一车间,WE1
workshop,涂装二车间,PA2
workshop,涂装三车间,PA3
workshop,涂装一车间,PA1
workshop,总装二车间,GA2
workshop,总装三车间,GA3
workshop,总装一车间,GA1
mm,辅助设备,mm01
mm,工艺设备,mm02
mm,线首线尾,mm03
mm,输送设备,mm04
mm,线首线尾,mm05
mm,机器人设备,mm06
VRT,电动提升门,VRT001
VRT,空调风机,VRT002
VRT,立体库,VRT003
VRT,模具清洗间,VRT004
VRT,机械手,VRT005
VRT,试模压机,VRT006
VRT,压机,VRT007
VRT,穿梭机,VRT008
VRT,对中台,VRT009
VRT,垛料小车,VRT010
VRT,清洗机,VRT011
VRT,扫描仪,VRT012
VRT,双料检测器装置,VRT013
VRT,线首皮带机,VRT014
VRT,线尾皮带机,VRT015
VRT,干冰清洗机,VRT016
VRT,空压机,VRT017
VRT,水泵房,VRT018
VRT,摇臂钻床,VRT019
VRT,废料输送链,VRT020
VRT,磁性分张器,VRT021
VRT,机器人,VRT022
VRT,T型钉焊机,VRT023
VRT,包边机,VRT024
VRT,夹具库,VRT025
VRT,扣合压力机,VRT026
VRT,傀儡焊/自动焊,VRT027
VRT,排烟除尘设备,VRT028
VRT,压机换模系统,VRT029
VRT,中频焊机,VRT030
VRT,组合式空调,VRT031
VRT,NC,VRT032
VRT,SCA自动涂胶机,VRT033
VRT,固瑞克自动涂胶机,VRT034
VRT,机器人本体,VRT035
VRT,机器人焊钳,VRT036
VRT,机器人弧焊,VRT037
VRT,机器人换枪盘,VRT038
VRT,机器人刻字机,VRT039
VRT,机器人螺柱焊/植钉,VRT040
VRT,机器人视觉检测,VRT041
VRT,机器人在线检测,VRT042
VRT,机器人抓手,VRT043
VRT,伺服抓手,VRT044
VRT,APC,VRT045
VRT,EMS,VRT046
VRT,侧顶机,VRT047
VRT,地板链,VRT048
VRT,堆拆垛机,VRT049
VRT,高速辊床,VRT050
VRT,滑台,VRT051
VRT,普通辊床,VRT052
VRT,升降机,VRT053
VRT,旋转辊床,VRT054
VRT,移行机,VRT055
VRT,移载机,VRT056
VRT,转毂,VRT057
VRT,转台,VRT058
VRT,CO2保护焊机,VRT059
VRT,LK悬挂式焊机,VRT060
VRT,电动葫芦,VRT061
VRT,挤胶泵,VRT062
VRT,拉拔机,VRT063
VRT,螺柱焊机,VRT064
VRT,气动葫芦,VRT065
VRT,手动弧焊机（CMT）,VRT066
VRT,座式螺母焊机,VRT067
VRT,MB07车型倒库系统,VRT068
VRT,车型转换系统,VRT069
VRT,焊后升降辊床,VRT070
VRT,摩擦辊床,VRT071
VRT,台车,VRT072
VRT,转台升降辊床,VRT073
VRT,GATE,VRT074
VRT,刻字机,VRT075
VRT,PICKUP,VRT076
VRT,SHUTTLE,VRT077
VRT,牵引车,VRT078
VRT,PMR调漆间空调,VRT079
VRT,VOC,VRT080
VRT,车间通风空调,VRT081
VRT,纯水站,VRT082
VRT,电泳,VRT083
VRT,电泳烘炉,VRT084
VRT,废水站,VRT085
VRT,工装清洗间,VRT086
VRT,工作区空调,VRT087
VRT,胶炉,VRT088
VRT,冷冻机组,VRT089
VRT,面漆烘炉,VRT090
VRT,面漆清漆循环风空调,VRT091
VRT,漆渣干燥,VRT092
VRT,前处理,VRT093
VRT,色漆闪干炉,VRT094
VRT,文丘里,VRT095
VRT,新鲜风空调,VRT096
VRT,中涂闪干炉,VRT097
VRT,中涂循环风空调,VRT098
VRT,UBC机器人,VRT099
VRT,UBS机器人,VRT100
VRT,开盖机器人,VRT101
VRT,开门机器人,VRT102
VRT,喷涂机器人,VRT103
VRT,裙边抗石击机器人,VRT104
VRT,色漆一线内板喷涂机器人,VRT105
VRT,输胶系统,VRT106
VRT,输调漆系统,VRT107
VRT,鸵鸟毛机器人,VRT108
VRT,Rodip,VRT109
VRT,抱具,VRT110
VRT,车身交换站,VRT111
VRT,带式升降机,VRT112
VRT,底漆雪橇SK,VRT113
VRT,顶升机LD,VRT114
VRT,滚床,VRT115
VRT,横移车TC,VRT116
VRT,横移车TC/移行机,VRT117
VRT,横移链CC,VRT118
VRT,横移链CC/链式移行机,VRT119
VRT,烘炉喷漆链条OC,VRT120
VRT,滑撬堆/解垛机,VRT121
VRT,滑撬锁紧\解锁站LS-型号741,VRT122
VRT,摩擦轮储备滚床FD,VRT123
VRT,喷涂滑撬,VRT124
VRT,皮带升降机,VRT125
VRT,皮带升降机（PVC),VRT126
VRT,偏心升降台,VRT127
VRT,输送控制柜,VRT128
VRT,坦克链,VRT129
VRT,转台TT,VRT130
VRT,点补房,VRT131
VRT,动力配电柜,VRT132
VRT,干燥机,VRT133
VRT,工作间、文丘里、调漆间、驼鸟毛排风机,VRT134
VRT,供胶系统,VRT135
VRT,供蜡系统,VRT136
VRT,供漆系统,VRT137
VRT,空调送风风机,VRT138
VRT,螺杆空压机,VRT139
VRT,密封胶烘炉,VRT140
VRT,面漆二线烘炉,VRT141
VRT,面漆一线烘炉,VRT142
VRT,喷房排风机,VRT143
VRT,色漆二线闪干,VRT144
VRT,色漆一线闪干,VRT145
VRT,文丘里设备,VRT146
VRT,制冷机房,VRT147
VRT,中涂二线闪干,VRT148
VRT,中涂一线闪干,VRT149
VRT,SGC站机器人,VRT150
VRT,UBC站二线机器人,VRT151
VRT,UBC站一线机器人,VRT152
VRT,UBS站二线机器人,VRT153
VRT,UBS站一线机器人,VRT154
VRT,清漆内喷站二线机器人,VRT155
VRT,清漆内喷站一线机器人,VRT156
VRT,清漆站二线机器人,VRT157
VRT,清漆站一线机器人,VRT158
VRT,色漆内喷站二线机器人,VRT159
VRT,色漆内喷站一线机器人,VRT160
VRT,色漆站二线机器人,VRT161
VRT,色漆站一线机器人,VRT162
VRT,鸵鸟毛擦净机,VRT163
VRT,鸵鸟毛二线侧擦机,VRT164
VRT,鸵鸟毛二线顶擦机,VRT165
VRT,鸵鸟毛一线侧擦机,VRT166
VRT,鸵鸟毛一线顶擦机,VRT167
VRT,中涂站二线机器人,VRT168
VRT,中涂站一线机器人,VRT169
VRT,IMC出、入口滚床,VRT170
VRT,摆杆出口滚床,VRT171
VRT,摆杆入口滚床,VRT172
VRT,带式滚床,VRT173
VRT,底涂侧顶机,VRT174
VRT,电泳摆杆输送机,VRT175
VRT,电泳橇体,VRT176
VRT,堆垛/解垛机,VRT177
VRT,辅助升降台,VRT178
VRT,烘干IMC输送链,VRT179
VRT,烘干双链输送机,VRT180
VRT,空中滑橇摩擦升降机,VRT181
VRT,空中橇体,VRT182
VRT,链式移行机,VRT183
VRT,摩擦驱动单元,VRT184
VRT,喷漆橇体,VRT185
VRT,喷漆双链输送机,VRT186
VRT,皮带剪式升降滚床,VRT187
VRT,偏心升降滚床,VRT188
VRT,偏转滚床,VRT189
VRT,前处理摆杆输送机,VRT190
VRT,锁紧/解锁机构,VRT191
VRT,锁紧/解锁检查滚床,VRT192
VRT,外伸轴链式滚床,VRT193
VRT,旋转滚床,VRT194
VRT,旋转移行机,VRT195
VRT,液压剪式升降滚床,VRT196
VRT,VOC处理系统,VRT197
VRT,电泳烘炉区域设备,VRT198
VRT,电泳区域设备,VRT199
VRT,公用区域设备,VRT200
VRT,烤灯设备,VRT201
VRT,控制柜,VRT202
VRT,面漆A烘炉区域设备,VRT203
VRT,面漆B烘炉区域设备,VRT204
VRT,喷房排风和文丘里区域设备,VRT205
VRT,前处理区域设备,VRT206
VRT,三楼工作区风机，空调KT11,VRT207
VRT,闪干炉A线,VRT208
VRT,闪干炉B线,VRT209
VRT,调漆室、液压站、管中管、废溶剂回收、密封胶PVC区域设备 ,VRT210
VRT,中涂烘炉区域设备,VRT211
VRT,A线内喷机器人,VRT212
VRT,B线内喷机器人,VRT213
VRT,PVC机器人(UBS UBC),VRT214
VRT,电泳滑撬,VRT215
VRT,工艺带,VRT216
VRT,烘炉IMC输送链,VRT217
VRT,滑撬堆垛、解垛机构,VRT218
VRT,滑撬锁紧、解锁站,VRT219
VRT,积放带,VRT220
VRT,检锁站,VRT221
VRT,剪式液压升降滚床,VRT222
VRT,链式升降机,VRT223
VRT,面漆滑撬,VRT224
VRT,双链输送机,VRT225
VRT,推进链,VRT226
VRT,AGC小车,VRT227
VRT,ECU刷写自动返回设备,VRT228
VRT,安规检测设备,VRT229
VRT,备胎上线,VRT230
VRT,备胎塑封设备,VRT231
VRT,备胎装配机械手,VRT232
VRT,备用玻璃涂胶设备   ,VRT233
VRT,变速器油加注机,VRT234
VRT,侧窗玻璃涂胶设备  ,VRT235
VRT,侧滑,VRT236
VRT,充气机,VRT237
VRT,电池AGV,VRT238
VRT,二合一加注机,VRT239
VRT,返修防冻液加注机,VRT240
VRT,返修冷媒加注机,VRT241
VRT,返修制动液加注机,VRT242
VRT,复检平衡机,VRT243
VRT,国六尾气设备,VRT244
VRT,合装AGV,VRT245
VRT,烘烤箱,VRT246
VRT,后挡风玻璃涂胶设备,VRT247
VRT,机械臂扭矩控制系统,VRT248
VRT,激光刻字机,VRT249
VRT,驾驶辅助设备,VRT250
VRT,空调检测,VRT251
VRT,轮胎分装线合格品补充,VRT252
VRT,轮胎分装线上线+机器人,VRT253
VRT,轮胎螺母五轴拧紧机,VRT254
VRT,轮胎双修正工位设备,VRT255
VRT,匹配机,VRT256
VRT,气密设备,VRT257
VRT,汽油加注机,VRT258
VRT,前挡风玻璃涂胶设备,VRT259
VRT,全景标定设备,VRT260
VRT,全景天窗涂胶设备,VRT261
VRT,三合一加注机,VRT262
VRT,双柱举升机,VRT263
VRT,四轮定位,VRT264
VRT,四柱举升机,VRT265
VRT,胎压检测设备,VRT266
VRT,天窗装配助力机械手,VRT267
VRT,尾气抽排,VRT268
VRT,蓄电池装配助力机械手,VRT269
VRT,仪表装配助力机械手,VRT270
VRT,优化机,VRT271
VRT,油箱装配助力机械手,VRT272
VRT,正压检测设备,VRT273
VRT,主检平衡机,VRT274
VRT,主轴螺母拧紧机,VRT275
VRT,转毂、制动力设备,VRT276
VRT,装车门机械手,VRT277
VRT,装胎机,VRT278
VRT,座椅机械手,VRT279
VRT,PBS~内饰伸缩叉升降机,VRT280
VRT,PBS定位装置,VRT281
VRT,PBS堆拆垛机,VRT282
VRT,PBS滑橇,VRT283
VRT,PBS剪叉式升降机,VRT284
VRT,PBS摩擦滚床,VRT285
VRT,PBS旋转滚床,VRT286
VRT,PBS旋转滚床（偏心）,VRT287
VRT,PBS移行机,VRT288
VRT,变速器分装线体,VRT289
VRT,变速器剪叉式升降机,VRT290
VRT,车门升降机,VRT291
VRT,车门线吊具,VRT292
VRT,车门线顶升机,VRT293
VRT,车门线皮带式滚床,VRT294
VRT,车门线推车机,VRT295
VRT,车门线移行机,VRT296
VRT,底盘~最终转接升降机  ,VRT297
VRT,底盘线抱具,VRT298
VRT,底盘线轨道升降机,VRT299
VRT,底盘线摩擦装置,VRT300
VRT,发动机抱具,VRT301
VRT,发动机分装线轨道升降机,VRT302
VRT,发动机分装线摩擦驱动装置,VRT303
VRT,后桥分装线体,VRT304
VRT,后桥剪叉式升降机,VRT305
VRT,轮胎输送线拆垛机,VRT306
VRT,轮胎输送线翻转机构,VRT307
VRT,轮胎输送线轮胎抓取器,VRT308
VRT,轮胎输送线螺旋塔,VRT309
VRT,轮胎输送线气动顶升机,VRT310
VRT,轮胎输送线体,VRT311
VRT,内饰~底盘转接升降机  ,VRT312
VRT,内饰线导电排,VRT313
VRT,内饰线滑板,VRT314
VRT,内饰线滑板定位装置,VRT315
VRT,内饰线滑板旋转台,VRT316
VRT,内饰线剪式升降台,VRT317
VRT,内饰线摩擦轮驱动,VRT318
VRT,内饰线皮带升降机,VRT319
VRT,普通淋雨检测线,VRT320
VRT,前悬分装线体,VRT321
VRT,强化淋雨检测线,VRT322
VRT,外观检查线塑料板链,VRT323
VRT,外观检查线随行侧顶机,VRT324
VRT,仪表线吊具,VRT325
VRT,仪表线轨道升降机,VRT326
VRT,仪表线摩擦驱动装置,VRT327
VRT,转运线本体,VRT328
VRT,转运线导电排,VRT329
VRT,转运线吊具,VRT330
VRT,最终线滑板,VRT331
VRT,最终线滑板旋转台,VRT332
VRT,最终线接车链条升降机构,VRT333
VRT,最终线摩擦轮驱动,VRT334
VRT,最终线皮带升降机,VRT335
VRT,座椅线剪式升降台,VRT336
VRT,座椅线皮带升降机,VRT337
VRT,座椅线气动升降台,VRT338
VRT,座椅线旋转台,VRT339
VRT,AGV空托盘推送气缸,VRT340
VRT,AGV小车,VRT341
VRT,备用玻璃涂胶设备,VRT342
VRT,变速箱油加注设备,VRT343
VRT,侧窗玻璃涂胶设备,VRT344
VRT,电喷设备,VRT345
VRT,二合一定量加注机,VRT346
VRT,防冻液加注机,VRT347
VRT,轮胎分装线堆垛机1,VRT348
VRT,轮胎分装线堆垛机2,VRT349
VRT,轮胎随行顶升机,VRT350
VRT,前端模块装配助力机械手,VRT351
VRT,三合一润滑油加注机,VRT352
VRT,数字灯光仪,VRT353
VRT,四合一加注机,VRT354
VRT,脱附设备,VRT355
VRT,尾气抽排系统,VRT356
VRT,物料上下料机构,VRT357
VRT,物料下料机构,VRT358
VRT,整车绝缘设备,VRT359
VRT,直流安规设备,VRT360
VRT,PBS侧顶机,VRT361
VRT,PBS皮带滚床,VRT362
VRT,PBS输送线,VRT363
VRT,车门线体,VRT364
VRT,车门线线摩擦装置,VRT365
VRT,底盘线体,VRT366
VRT,发动机分装线顶升平移机,VRT367
VRT,发动机分装线高速皮带升降机,VRT368
VRT,发动机分装线体,VRT369
VRT,发动机分装线推车机构,VRT370
VRT,发动机分装线旋转台,VRT371
VRT,内饰线空滑板升降机,VRT372
VRT,内饰线体,VRT373
VRT,外观检查线入口升降机,VRT374
VRT,仪表线,VRT375
VRT,最终二线出口滑板升降机,VRT376
VRT,最终线空滑板升降机,VRT377
VRT,最终线线体,VRT378
VRT,座椅升降机,VRT379
VRT,座椅输送线顶升移载机,VRT380
VRT,座椅输送线体,VRT381
VRT,座椅输送线旋转台,VRT382
VRT,360°全景影像标定仪,VRT383
VRT,ADAS,VRT384
VRT,ADS,VRT385
VRT,AVM,VRT386
VRT,保险杠提升机,VRT387
VRT,电池自动合装设备,VRT388
VRT,电动牵引车,VRT389
VRT,电动悬臂吊,VRT390
VRT,吊葫芦,VRT391
VRT,二氧化碳焊机,VRT392
VRT,恒温箱,VRT393
VRT,后挡风移载机,VRT394
VRT,货物提升机,VRT395
VRT,集中供液供油站,VRT396
VRT,卷帘门,VRT397
VRT,绝缘检测,VRT398
VRT,漏氟检测仪,VRT399
VRT,轮胎气压检测设备,VRT400
VRT,轮胎物流小车,VRT401
VRT,轮胎装配助力机械手,VRT402
VRT,前挡风移载机,VRT403
VRT,前端模块机械手,VRT404
VRT,前后桥自动拧紧设备,VRT405
VRT,前桥分装线,VRT406
VRT,前桥转向拉杆固定垫圈压坯机,VRT407
VRT,前支柱助力机械手,VRT408
VRT,前制动扭矩控制系统,VRT409
VRT,前制动器与驱动轴扭矩控制设备,VRT410
VRT,全景天窗玻璃搬运机械手,VRT411
VRT,全景天幕挤胶设备,VRT412
VRT,燃油泵拧紧设备,VRT413
VRT,燃油加注机,VRT414
VRT,三合一定量加注机,VRT415
VRT,手制动拉锁调节设备,VRT416
VRT,四轴液压举升机,VRT417
VRT,尾气抽排风机组,VRT418
VRT,无框车门调整设备,VRT419
VRT,物料上料机构,VRT420
VRT,物料输送AGC小车,VRT421
VRT,制动力检验台,VRT422
VRT,转鼓检验台,VRT423
VRT,转向角检验台与前照灯检测仪,VRT424
VRT,转向柱扭矩设备,VRT425
VRT,综合电检返回设备,VRT426
VRT,综合电检刷写设备,VRT427
VRT,PBS  UP-DOWN升降机,VRT428
VRT,PBS道岔、停止器,VRT429
VRT,PBS摩擦驱动装置,VRT430
VRT,PBS台车、轨道,VRT431
VRT,底盘线1号升降机,VRT432
VRT,底盘线2号升降机,VRT433
VRT,底盘线CPC,VRT434
VRT,前桥升降台,VRT435
VRT,完成线板链,VRT436
VRT,仪表线停止器、道岔,VRT437
VRT,最终线随行侧顶机,VRT438
SEQ,电动提升门,SEQ0001
SEQ,空调风机,SEQ0002
SEQ,立体库,SEQ0003
SEQ,模具清洗间,SEQ0004
SEQ,RX1,SEQ0005
SEQ,RX2,SEQ0006
SEQ,RX3,SEQ0007
SEQ,RX4,SEQ0008
SEQ,RX5,SEQ0009
SEQ,RX6,SEQ0010
SEQ,线首拆剁手,SEQ0011
SEQ,线尾拆剁手,SEQ0012
SEQ,试模压机,SEQ0013
SEQ,P1,SEQ0014
SEQ,P2,SEQ0015
SEQ,P3,SEQ0016
SEQ,P4,SEQ0017
SEQ,P5,SEQ0018
SEQ,穿梭机,SEQ0019
SEQ,对中台,SEQ0020
SEQ,C侧垛料小车,SEQ0021
SEQ,D侧垛料小车,SEQ0022
SEQ,清洗机,SEQ0023
SEQ,扫描仪,SEQ0024
SEQ,双料检测器装置,SEQ0025
SEQ,线首皮带机,SEQ0026
SEQ,线尾皮带机,SEQ0027
SEQ,干冰清洗机,SEQ0028
SEQ,空压机,SEQ0029
SEQ,水泵房,SEQ0030
SEQ,摇臂钻床,SEQ0031
SEQ,A1,SEQ0032
SEQ,A2,SEQ0033
SEQ,A3,SEQ0034
SEQ,A4,SEQ0035
SEQ,A5,SEQ0036
SEQ,B1,SEQ0037
SEQ,B2,SEQ0038
SEQ,B3,SEQ0039
SEQ,B4,SEQ0040
SEQ,A线废料输送链,SEQ0041
SEQ,B线废料输送链,SEQ0042
SEQ,主线废料输送链,SEQ0043
SEQ,A线穿梭机,SEQ0044
SEQ,B线穿梭机,SEQ0045
SEQ,A线磁性分张器,SEQ0046
SEQ,B线磁性分张器,SEQ0047
SEQ,A线对中台,SEQ0048
SEQ,B线对中台,SEQ0049
SEQ,A线垛料小车,SEQ0050
SEQ,B线垛料小车,SEQ0051
SEQ,A线C侧机器人,SEQ0052
SEQ,A线D侧机器人,SEQ0053
SEQ,B线C侧机器人,SEQ0054
SEQ,B线D侧机器人,SEQ0055
SEQ,A线清洗机,SEQ0056
SEQ,B线清洗机,SEQ0057
SEQ,A线扫描仪,SEQ0058
SEQ,B线扫描仪,SEQ0059
SEQ,A线双料检测器装置,SEQ0060
SEQ,B线双料检测器装置,SEQ0061
SEQ,A线线首皮带机,SEQ0062
SEQ,B线线首皮带机,SEQ0063
SEQ,A线线尾皮带机,SEQ0064
SEQ,B线线尾皮带机,SEQ0065
SEQ,A线风机,SEQ0066
SEQ,B线风机,SEQ0067
SEQ,C线风机,SEQ0068
SEQ,辅跨风机,SEQ0069
SEQ,RF1,SEQ0070
SEQ,RF2,SEQ0071
SEQ,RF3,SEQ0072
SEQ,RF4,SEQ0073
SEQ,RF5,SEQ0074
SEQ,RF6,SEQ0075
SEQ,拆垛手,SEQ0076
SEQ,C1,SEQ0077
SEQ,C2,SEQ0078
SEQ,C3,SEQ0079
SEQ,C4,SEQ0080
SEQ,支链1,SEQ0081
SEQ,支链2,SEQ0082
SEQ,支链3,SEQ0083
SEQ,主链1,SEQ0084
SEQ,主链2,SEQ0085
SEQ,主链3,SEQ0086
SEQ,C线磁性分张器,SEQ0087
SEQ,C线对中台,SEQ0088
SEQ,C线垛料小车,SEQ0089
SEQ,C线扫描仪,SEQ0090
SEQ,C线双料检测器装置,SEQ0091
SEQ,C线线首皮带机,SEQ0092
SEQ,C线线尾皮带机,SEQ0093
SEQ,RO06-T型钉焊机,SEQ0094
SEQ,顶盖-T型钉焊机,SEQ0095
SEQ,R004-S203/C301/C281,SEQ0096
SEQ,BSL31/BSR31,SEQ0097
SEQ,EH03,SEQ0098
SEQ,FF01-FF02,SEQ0099
SEQ,RF09,SEQ0100
SEQ,背门,SEQ0101
SEQ,前罩,SEQ0102
SEQ,右后门,SEQ0103
SEQ,右前门,SEQ0104
SEQ,左后门,SEQ0105
SEQ,左前门,SEQ0106
SEQ,BSL23/BSR23,SEQ0107
SEQ,DK01-C301/S201/C281,SEQ0108
SEQ,FDL01-MCA/S203/C301/C281,SEQ0109
SEQ,FDR01-MCA/S203/C301/C281,SEQ0110
SEQ,HD01-MCA/S201/C301/C281,SEQ0111
SEQ,RDL01-MCA/S203/C301/C281,SEQ0112
SEQ,RDR01-MCA/S203/C301/C281,SEQ0113
SEQ,RO03-RO06,SEQ0114
SEQ,UB02,SEQ0115
SEQ,FA01/FA02/FA03,SEQ0116
SEQ,FD12L/FD12R/RD12L/RD12R,SEQ0117
SEQ,FR08/FR09/DA07,SEQ0118
SEQ,MB19-MB21,SEQ0119
SEQ,RO02/RO05,SEQ0120
SEQ,RR06/RR09/RR11,SEQ0121
SEQ,UB13-UB14,SEQ0122
SEQ,顶盖-中频焊机,SEQ0123
SEQ,后地板面板-中频焊机,SEQ0124
SEQ,后纵梁-中频焊机,SEQ0125
SEQ,机舱边梁-中频焊机,SEQ0126
SEQ,前地板-中频焊机,SEQ0127
SEQ,K1-K6,SEQ0128
SEQ,FA05-FA18,SEQ0129
SEQ,MB01-MB13,SEQ0130
SEQ,MB14-MB24,SEQ0131
SEQ,UB01-UB15,SEQ0132
SEQ,BSL09-BSL26,SEQ0133
SEQ,BSL27-BSL34,SEQ0134
SEQ,BSR09-BSR26,SEQ0135
SEQ,BSR27-BSR34,SEQ0136
SEQ,FF03-UB01,SEQ0137
SEQ,MB01,SEQ0138
SEQ,RF06-RF13,SEQ0139
SEQ,RO01-RO02,SEQ0140
SEQ,DK-RB14/RB18,SEQ0141
SEQ,FDL-RB09/RB07,SEQ0142
SEQ,FDR-RB09/RB07,SEQ0143
SEQ,HD-RB06/RB08,SEQ0144
SEQ,RDL-RB09/RB07,SEQ0145
SEQ,RDR-RB09/RB07,SEQ0146
SEQ,BSL01-BSL09,SEQ0147
SEQ,BSL21-BSL26,SEQ0148
SEQ,BSR01-BSR09,SEQ0149
SEQ,BSR21-BSR26,SEQ0150
SEQ,DA01-DA08,SEQ0151
SEQ,EH01-EH04,SEQ0152
SEQ,EH05-EH09,SEQ0153
SEQ,FDL-RB01-RB12,SEQ0154
SEQ,FDR-RB01-RB12,SEQ0155
SEQ,FF01-FF07,SEQ0156
SEQ,FR01-FR08,SEQ0157
SEQ,FR09L-FR08,SEQ0158
SEQ,HD-RB01-RB12,SEQ0159
SEQ,LG-RB01-RB13,SEQ0160
SEQ,LG-RB14-RB26,SEQ0161
SEQ,MB01-MB05,SEQ0162
SEQ,MB06-MB08,SEQ0163
SEQ,MB09-MB10,SEQ0164
SEQ,MB11-MB12,SEQ0165
SEQ,MB13-MB14,SEQ0166
SEQ,MB15-MB16,SEQ0167
SEQ,MB17-MB18,SEQ0168
SEQ,MB20-MB23,SEQ0169
SEQ,R0-02(顶盖手工线),SEQ0170
SEQ,RDL-RB01-RB12,SEQ0171
SEQ,RDR-RB01-RB12,SEQ0172
SEQ,RF01-RF06,SEQ0173
SEQ,RF07-RF12,SEQ0174
SEQ,RF13-RF17,SEQ0175
SEQ,RO-RB01-RB12,SEQ0176
SEQ,RR01-RR10,SEQ0177
SEQ,UB01-UB02,SEQ0178
SEQ,UB03-UB06,SEQ0179
SEQ,UB07-UB09,SEQ0180
SEQ,UB10-UB11,SEQ0181
SEQ,UB12-UB15,SEQ0182
SEQ,蓝光检测,SEQ0183
SEQ,BSL02/BSR02,SEQ0184
SEQ,FDL-RB11,SEQ0185
SEQ,FDR-RB11,SEQ0186
SEQ,FR06-DA08,SEQ0187
SEQ,MB20-MB21,SEQ0188
SEQ,R0-RB07-RB09,SEQ0189
SEQ,RDL-RB11,SEQ0190
SEQ,RDR-RB11,SEQ0191
SEQ,RF10-RB01,SEQ0192
SEQ,UB13,SEQ0193
SEQ,BSL21-BSL34,SEQ0194
SEQ,BSR21-BSR34,SEQ0195
SEQ,DA04-DA08,SEQ0196
SEQ,EH01-EH09,SEQ0197
SEQ,FF01-FF06,SEQ0198
SEQ,FR01-FR11,SEQ0199
SEQ,LG-RB01-RB26,SEQ0200
SEQ,MB02-MB22,SEQ0201
SEQ,RF01-RF16,SEQ0202
SEQ,MB22-S201/C301,SEQ0203
SEQ,DA06-DA08,SEQ0204
SEQ,FF03-FF04,SEQ0205
SEQ,RF06-RF16,SEQ0206
SEQ,MB02,SEQ0207
SEQ,UB01/FF01,SEQ0208
SEQ,MB23,SEQ0209
SEQ,UB15,SEQ0210
SEQ,MB02-MB08-MB11,SEQ0211
SEQ,RO01-RO07,SEQ0212
SEQ,BSL21-BSR34,SEQ0213
SEQ,FF07-UB01,SEQ0214
SEQ,RF17-RB03,SEQ0215
SEQ,BSL09/BSR09,SEQ0216
SEQ,FF07,SEQ0217
SEQ,MB11,SEQ0218
SEQ,RF13,SEQ0219
SEQ,BS-MB1,SEQ0220
SEQ,EH-UB1,SEQ0221
SEQ,RF-UB1,SEQ0222
SEQ,UB1-UB2,SEQ0223
SEQ,4区-6区-7区-28区（共5台）,SEQ0224
SEQ,调整线,SEQ0225
SEQ,4区-8区-7区（共4台）,SEQ0226
SEQ,MB01-MB12,SEQ0227
SEQ,MB13-MB24,SEQ0228
SEQ,UB03-UB16,SEQ0229
SEQ,BS01-BS09(L/R),SEQ0230
SEQ,FDL-01/05/06/08,SEQ0231
SEQ,FDR-01/05/06/08,SEQ0232
SEQ,HD-01/04/07,SEQ0233
SEQ,LG-01/04；DK-01/08/10,SEQ0234
SEQ,RDL-01/05/06/08,SEQ0235
SEQ,RDR-01/05/06/08,SEQ0236
SEQ,RF01-RF02,SEQ0237
SEQ,UB01-RF/EH,SEQ0238
SEQ,1区-3区：GC206-207,GC198-201,SEQ0239
SEQ,24区：RC65-RC98,SEQ0240
SEQ,4区：GC144-GC197、DGC01,SEQ0241
SEQ,5区：GC01-GC50,SEQ0242
SEQ,5区：GC100-GC143,GC202-GC205,SEQ0243
SEQ,5区：GC51-GC100,SEQ0244
SEQ,6区：GC01-GC33，BGC01-BGC16，DGC01/02,SEQ0245
SEQ,7区：GC34-GC57，BGC17-BGC26，DGC02，DDGC，CDGC，QIGC,SEQ0246
SEQ,FA01/FA19,SEQ0247
SEQ,FA20/FA33/FA35,SEQ0248
SEQ,MB01/MB12,SEQ0249
SEQ,MB13/MB24,SEQ0250
SEQ,UB03/UB16,SEQ0251
SEQ,23区：RC03-RC64,SEQ0252
SEQ,24区-25区：RRC01-C04,SEQ0253
SEQ,4区-5区：XGC01-07,SEQ0254
SEQ,6区-7区：XGC01-06,SEQ0255
SEQ,25区：CT01-05,SEQ0256
SEQ,26区：CT06-10,SEQ0257
SEQ,5区：YHGC01-08,SEQ0258
SEQ,6区：YHGC02-05,SEQ0259
SEQ,7区：YHGC01/06-09,SEQ0260
SEQ,YZC01/YZGC01/VF2,SEQ0261
SEQ,BSL23-BSL30,SEQ0262
SEQ,BSR23-BSR30,SEQ0263
SEQ,R005,SEQ0264
SEQ,BSL01-BSL29,SEQ0265
SEQ,BSR01-BSR29,SEQ0266
SEQ,DA01-DA03,SEQ0267
SEQ,FR09-EH09,SEQ0268
SEQ,RF01-RF18,SEQ0269
SEQ,RO02,SEQ0270
SEQ,RR01-RR11,SEQ0271
SEQ,DA-10-YD-01,SEQ0272
SEQ,FA03-04-YD,SEQ0273
SEQ,FA05LI01-02,SEQ0274
SEQ,FA06LI01-02,SEQ0275
SEQ,FA26-27-YD,SEQ0276
SEQ,FA-FX-LI01-YD02,SEQ0277
SEQ,FA-FX-YD01-YD02,SEQ0278
SEQ,FAX-LI01-LI04,SEQ0279
SEQ,FR-04L-YD-01,SEQ0280
SEQ,FR-04R-YD-01,SEQ0281
SEQ,FR17-18-L/R-YD,SEQ0282
SEQ,RR15L/R-YD,SEQ0283
SEQ,BSL-LK,SEQ0284
SEQ,BSR-LK,SEQ0285
SEQ,FD01L-03L-LK,SEQ0286
SEQ,FD-LK,SEQ0287
SEQ,FR01L-08L-LK,SEQ0288
SEQ,FR01R-08R-LK,SEQ0289
SEQ,HD-LK,SEQ0290
SEQ,LG-LK,SEQ0291
SEQ,RD01L-03L-LK,SEQ0292
SEQ,RD-LK,SEQ0293
SEQ,RP-LK,SEQ0294
SEQ,RR-LK,SEQ0295
SEQ,RO-03-1,SEQ0296
SEQ,BS13L/R-DE,SEQ0297
SEQ,FA-37-Dhulu,SEQ0298
SEQ,RF-13L-DE-01,SEQ0299
SEQ,BS01L/R,SEQ0300
SEQ,BS11-BS13-JB,SEQ0301
SEQ,BS21-BS23-JB,SEQ0302
SEQ,CD569_DA-01-Seal,SEQ0303
SEQ,CD569_FF-03-Seal,SEQ0304
SEQ,CD569_RF-01-Seal,SEQ0305
SEQ,CD569_RP-01-Seal,SEQ0306
SEQ,CD569_UB-01_RB01_Seal,SEQ0307
SEQ,CD569-BS21L/R,SEQ0308
SEQ,CD569-FD01L/R,SEQ0309
SEQ,CD569-MB-L/R,SEQ0310
SEQ,CD569-RD01L/R,SEQ0311
SEQ,CD569-RO-021-022,SEQ0312
SEQ,DA01/05-JB,SEQ0313
SEQ,DA-01R,SEQ0314
SEQ,FD01L/R,SEQ0315
SEQ,FD01L/R-JB,SEQ0316
SEQ,FD04L/R-JB,SEQ0317
SEQ,FD04R-05R-JB,SEQ0318
SEQ,FF-04-C63-01,SEQ0319
SEQ,FR-11L/R-JB,SEQ0320
SEQ,HD03-HD05-JB,SEQ0321
SEQ,LG05-LG06-JB,SEQ0322
SEQ,MB02-MB04-JB,SEQ0323
SEQ,RD01L/R-JB,SEQ0324
SEQ,RD04L/R-JB,SEQ0325
SEQ,RDL/R02-03,SEQ0326
SEQ,RF-02R,SEQ0327
SEQ,RF-09R-JB-01,SEQ0328
SEQ,ROOF1-2-JB,SEQ0329
SEQ,ROOF2,SEQ0330
SEQ,RP01-RP04-JB,SEQ0331
SEQ,RP-02-JB1,SEQ0332
SEQ,RR04-JB1-3,SEQ0333
SEQ,UB01JB01-02,SEQ0334
SEQ,YJ1#-6#,SEQ0335
SEQ,RF01-02,SEQ0336
SEQ,SB05L/R,SEQ0337
SEQ,FA-26-TN-01,SEQ0338
SEQ,FA-28-TN-01,SEQ0339
SEQ,FA-FX-TN-01,SEQ0340
SEQ,CD569_RP-02-01,SEQ0341
SEQ,DA-03-TSG,SEQ0342
SEQ,FF-06-SAW-01,SEQ0343
SEQ,UB16L/R-BMK,SEQ0344
SEQ,1#-18#,SEQ0345
SEQ,19#,SEQ0346
SEQ,BS-24L-01,SEQ0347
SEQ,BS-24R-01,SEQ0348
SEQ,CD569_RP-01,SEQ0349
SEQ,DA-09-PL-01,SEQ0350
SEQ,EH-02-01,SEQ0351
SEQ,ER-21-FL-01,SEQ0352
SEQ,ER-21-FL-02,SEQ0353
SEQ,FF-04-01,SEQ0354
SEQ,FF-05-FL-01,SEQ0355
SEQ,FR-17L-DE-01,SEQ0356
SEQ,FR-17R-DE-01,SEQ0357
SEQ,RF-04-01,SEQ0358
SEQ,RP01-RP04-FL,SEQ0359
SEQ,RR15-RR16-FL,SEQ0360
SEQ,CMT1-X,SEQ0361
SEQ,01#-02#,SEQ0362
SEQ,BS01L-04L-ZP,SEQ0363
SEQ,BS01R-04R-ZP,SEQ0364
SEQ,CD569_BS-L_ZP,SEQ0365
SEQ,CD569_BS-R_ZP,SEQ0366
SEQ,CD569_DA-1-3_ZP,SEQ0367
SEQ,CD569_RO-03_ZP1,SEQ0368
SEQ,CD569_RO-03_ZP2,SEQ0369
SEQ,CD569_RP-1-2_ZP,SEQ0370
SEQ,1#-12#,SEQ0371
SEQ,13#-14#,SEQ0372
SEQ,BS-02L-DN-01,SEQ0373
SEQ,BS-02R-DN-01,SEQ0374
SEQ,FR-01L-DN-01,SEQ0375
SEQ,FR-02L-DN-01,SEQ0376
SEQ,UB01-02,SEQ0377
SEQ,BD04-05,SEQ0378
SEQ,FDL/R04-05,SEQ0379
SEQ,HD03-05,SEQ0380
SEQ,MB02L/R,SEQ0381
SEQ,MB-02-L/R,SEQ0382
SEQ,MB12-L2,SEQ0383
SEQ,RDL/R04-05,SEQ0384
SEQ,RF09-R2,SEQ0385
SEQ,UB01-07,SEQ0386
SEQ,UB-01-R1,SEQ0387
SEQ,BD04-06-R,SEQ0388
SEQ,BS25L-26L-R,SEQ0389
SEQ,BS25R-26R-R,SEQ0390
SEQ,BSL/R21-23-R,SEQ0391
SEQ,DA21-28-R,SEQ0392
SEQ,EF01RB_R01,SEQ0393
SEQ,EH01-R,SEQ0394
SEQ,ER23-24-R,SEQ0395
SEQ,FDL/R04-06-R,SEQ0396
SEQ,FF01-03-R,SEQ0397
SEQ,FF21-24-R,SEQ0398
SEQ,FR-01L/R-R1,SEQ0399
SEQ,FR-01L/R-R2,SEQ0400
SEQ,FR-02L/R-R1,SEQ0401
SEQ,FR-02L/R-R2,SEQ0402
SEQ,FR28-33-R,SEQ0403
SEQ,HD03-06-R,SEQ0404
SEQ,MB02-06-R,SEQ0405
SEQ,MB02-13-R,SEQ0406
SEQ,MB16-25-R,SEQ0407
SEQ,RDL/R04-06-R,SEQ0408
SEQ,RF02-03-R,SEQ0409
SEQ,RF06-10-R,SEQ0410
SEQ,RO-02-R1,SEQ0411
SEQ,ROF-1-2-R,SEQ0412
SEQ,RR25-28-R,SEQ0413
SEQ,SBL/R05-08-R,SEQ0414
SEQ,UB01-05-R,SEQ0415
SEQ,UB01-12-R,SEQ0416
SEQ,UB13-UB14-R,SEQ0417
SEQ,BD06-R2,SEQ0418
SEQ,BS21-BS23-R,SEQ0419
SEQ,BS25L-BS26L-R,SEQ0420
SEQ,BS25R-BS26R-R,SEQ0421
SEQ,DA21-DA28-R,SEQ0422
SEQ,EH-01-R1,SEQ0423
SEQ,EH-01-R2,SEQ0424
SEQ,ER23-ER24-R,SEQ0425
SEQ,FD06L/R-R,SEQ0426
SEQ,FF-01/03-R1,SEQ0427
SEQ,FF-01/03-R2,SEQ0428
SEQ,FF-02-R1,SEQ0429
SEQ,FF21-FF24-R,SEQ0430
SEQ,FR01-FR02-R,SEQ0431
SEQ,FR28-FR33-R,SEQ0432
SEQ,MB04-MB06-R,SEQ0433
SEQ,MB07-MB13-R,SEQ0434
SEQ,MB16-MB18-R,SEQ0435
SEQ,MB19-MB21-R,SEQ0436
SEQ,RD06L/R-R,SEQ0437
SEQ,RF02-RF03-R,SEQ0438
SEQ,RF06-RF10-R,SEQ0439
SEQ,RF08-L2,SEQ0440
SEQ,RO0201-03,SEQ0441
SEQ,RR25-RR28-R,SEQ0442
SEQ,SB05L-08L-R,SEQ0443
SEQ,SB05R-08R-R,SEQ0444
SEQ,UB01-UB02-R,SEQ0445
SEQ,UB01-UB05-R,SEQ0446
SEQ,UB05-UB12-R,SEQ0447
SEQ,RF01RB_R1,SEQ0448
SEQ,RO01-R02,SEQ0449
SEQ,BSL/R-21-22-R,SEQ0450
SEQ,FD04-06-L/R-R,SEQ0451
SEQ,MB04-R24-R,SEQ0452
SEQ,MB-06-R4,SEQ0453
SEQ,RD04-06-L/R-R,SEQ0454
SEQ,RF-02-R,SEQ0455
SEQ,RF07-09-R,SEQ0456
SEQ,UB-01-R,SEQ0457
SEQ,UB01-UB10-R,SEQ0458
SEQ,ESW01-02,SEQ0459
SEQ,DA03-04-DCE,SEQ0460
SEQ,FF02-03-DCE,SEQ0461
SEQ,FF03-R1,SEQ0462
SEQ,MB24L/R-DCE,SEQ0463
SEQ,RF03-R3,SEQ0464
SEQ,HJISV01-08,SEQ0465
SEQ,HJISV12-24,SEQ0466
SEQ,MB25,SEQ0467
SEQ,BD04-05-R,SEQ0468
SEQ,BD06-R,SEQ0469
SEQ,BS21-BS22-R,SEQ0470
SEQ,BS-23L/R-R3,SEQ0471
SEQ,BS25-BS26-R,SEQ0472
SEQ,DA23-DA28-R,SEQ0473
SEQ,EH-01-R3,SEQ0474
SEQ,ER24_R1,SEQ0475
SEQ,FD04-05L/R-R,SEQ0476
SEQ,FF02-03-R,SEQ0477
SEQ,FR29-FR33-R,SEQ0478
SEQ,HD03-05-R,SEQ0479
SEQ,HD06-R,SEQ0480
SEQ,MB02-MB06-R,SEQ0481
SEQ,MB04-MB13-R,SEQ0482
SEQ,RD04-05L/R-R,SEQ0483
SEQ,RR26-RR28-R,SEQ0484
SEQ,SB05L-SB08L-R,SEQ0485
SEQ,SB05R-SB08R-R,SEQ0486
SEQ,UB01-R,SEQ0487
SEQ,BS22L/R-BF,SEQ0488
SEQ,EH-02_BF01,SEQ0489
SEQ,FR-02_BF01,SEQ0490
SEQ,MB06-BF01-02,SEQ0491
SEQ,MB12 BF01,SEQ0492
SEQ,RF-03_BF01,SEQ0493
SEQ,EMS01-02,SEQ0494
SEQ,EMS-CW1,SEQ0495
SEQ,MB07-DK,SEQ0496
SEQ,DJS1-4,SEQ0497
SEQ,HCD01,SEQ0498
SEQ,TCD29,SEQ0499
SEQ,ZH01#,SEQ0500
SEQ,ZH02#,SEQ0501
SEQ,CDGC1,SEQ0502
SEQ,DDGC1,SEQ0503
SEQ,MB02-06,SEQ0504
SEQ,MB02-MB13,SEQ0505
SEQ,MB16-MB28,SEQ0506
SEQ,RF08-RF13,SEQ0507
SEQ,UB03-05,SEQ0508
SEQ,UB05-UB11,SEQ0509
SEQ,UB12-UB18,SEQ0510
SEQ,RBD12_Lifter,SEQ0511
SEQ,RBD13_Lifter,SEQ0512
SEQ,FD06L/R,SEQ0513
SEQ,FF-05,SEQ0514
SEQ,HD-06,SEQ0515
SEQ,LG-06,SEQ0516
SEQ,RD06L/R,SEQ0517
SEQ,WBS入库MGC,SEQ0518
SEQ,粗排库区MGC,SEQ0519
SEQ,焊前库区MGC ,SEQ0520
SEQ,精排库区MGC,SEQ0521
SEQ,空台车返回区MGC,SEQ0522
SEQ,CD569-TPG,SEQ0523
SEQ,CV1-GC,SEQ0524
SEQ,CV3-GC,SEQ0525
SEQ,CV5-GC,SEQ0526
SEQ,CV6-GC,SEQ0527
SEQ,1#-9#,SEQ0528
SEQ,10#-13#,SEQ0529
SEQ,CD569_MB-01_Lift,SEQ0530
SEQ,CD569_MB-07_Lift,SEQ0531
SEQ,CD569_UB-02_Lift,SEQ0532
SEQ,CD569_UB-06_Lift,SEQ0533
SEQ,TC001-020,SEQ0534
SEQ,TC021-040,SEQ0535
SEQ,TC041-60,SEQ0536
SEQ,TC061-80,SEQ0537
SEQ,TC081-100,SEQ0538
SEQ,TC101-120,SEQ0539
SEQ,TC121-TC160,SEQ0540
SEQ,CV6XGC1,SEQ0541
SEQ,CV6XGC2,SEQ0542
SEQ,CV6XGC3,SEQ0543
SEQ,CV6XGC4,SEQ0544
SEQ,HXG21,SEQ0545
SEQ,HXG23,SEQ0546
SEQ,HXG30,SEQ0547
SEQ,HXG32,SEQ0548
SEQ,PXZ1-PXZ7,SEQ0549
SEQ,PXZ8-PXZ15,SEQ0550
SEQ,RT1-RT10,SEQ0551
SEQ,TXG01,SEQ0552
SEQ,TXG12,SEQ0553
SEQ,CT1-CT7,SEQ0554
SEQ,HYH02,SEQ0555
SEQ,HYH37,SEQ0556
SEQ,TYH28,SEQ0557
SEQ,YH17-YH21,SEQ0558
SEQ,YH1-YH8,SEQ0559
SEQ,YH9-YH16,SEQ0560
SEQ,YZC1,SEQ0561
SEQ,YZC2,SEQ0562
SEQ,YZC30,SEQ0563
SEQ,FF01-04,SEQ0564
SEQ,BSL11-12,SEQ0565
SEQ,BSR11-12,SEQ0566
SEQ,DA01-05,SEQ0567
SEQ,FD04L/R,SEQ0568
SEQ,HD-03,SEQ0569
SEQ,LG-04,SEQ0570
SEQ,RD04L/R,SEQ0571
SEQ,RR11L-15L,SEQ0572
SEQ,RR11R-15R,SEQ0573
SEQ,BS21L-BS24L,SEQ0574
SEQ,BS21R-BS24R,SEQ0575
SEQ,ER21,SEQ0576
SEQ,RF04,SEQ0577
SEQ,MB040L,SEQ0578
SEQ,MB040R,SEQ0579
SEQ,MB-04L/R,SEQ0580
SEQ,DA010B,SEQ0581
SEQ,DA010F,SEQ0582
SEQ,DA020,SEQ0583
SEQ,DA030B,SEQ0584
SEQ,DA030L,SEQ0585
SEQ,DA030R,SEQ0586
SEQ,DA050L,SEQ0587
SEQ,DA050M,SEQ0588
SEQ,DA050R,SEQ0589
SEQ,DA060L,SEQ0590
SEQ,DA060R,SEQ0591
SEQ,RO,SEQ0592
SEQ,UB040R,SEQ0593
SEQ,BS110L,SEQ0594
SEQ,BS110R,SEQ0595
SEQ,BS120L,SEQ0596
SEQ,BS120R,SEQ0597
SEQ,DA010,SEQ0598
SEQ,DA050,SEQ0599
SEQ,FF010,SEQ0600
SEQ,MB020,SEQ0601
SEQ,RO液压L,SEQ0602
SEQ,RO液压M,SEQ0603
SEQ,RO液压R,SEQ0604
SEQ,EH02,SEQ0605
SEQ,EH-02,SEQ0606
SEQ,1号压机,SEQ0607
SEQ,2号压机,SEQ0608
SEQ,3号压机,SEQ0609
SEQ,4号压机,SEQ0610
SEQ,5号压机,SEQ0611
SEQ,6号压机,SEQ0612
SEQ,DA040,SEQ0613
SEQ,BS12L,SEQ0614
SEQ,BS12R,SEQ0615
SEQ,BS140L,SEQ0616
SEQ,BS140R,SEQ0617
SEQ,DA060,SEQ0618
SEQ,EH010,SEQ0619
SEQ,EH030,SEQ0620
SEQ,FF030,SEQ0621
SEQ,FR010,SEQ0622
SEQ,PCF,SEQ0623
SEQ,RF010,SEQ0624
SEQ,RF020,SEQ0625
SEQ,RF040,SEQ0626
SEQ,RO03,SEQ0627
SEQ,RO030,SEQ0628
SEQ,UB-01,SEQ0629
SEQ,BS-14_RB04/BS-14_RB05,SEQ0630
SEQ,EH-01_RB04/EH-06_RB01,SEQ0631
SEQ,FD-04L_RB01,SEQ0632
SEQ,FD-04L_RB02,SEQ0633
SEQ,FD-04R_RB01,SEQ0634
SEQ,FD-04R_RB02,SEQ0635
SEQ,MB-01_RB01/MB-01_RB02,SEQ0636
SEQ,MB-030-RB1,SEQ0637
SEQ,MB-030-RB2,SEQ0638
SEQ,RD-04L_RB01,SEQ0639
SEQ,RD-04L_RB02,SEQ0640
SEQ,RD-04R_RB01,SEQ0641
SEQ,RD-04R_RB02,SEQ0642
SEQ,RF-020-RB1,SEQ0643
SEQ,RP-04_RB03,SEQ0644
SEQ,UB-01_RB04—UB-01_RB05,SEQ0645
SEQ,UB-010-RB4,SEQ0646
SEQ,BS-01_RB01—BS-01_RB03,SEQ0647
SEQ,BS-010-RB1,SEQ0648
SEQ,BS-010-RB2,SEQ0649
SEQ,BS-010-RB3,SEQ0650
SEQ,BS-020-RB1,SEQ0651
SEQ,BS-030-RB1,SEQ0652
SEQ,BS-030-RB2,SEQ0653
SEQ,BS-10_RB01—BS-10_RB02,SEQ0654
SEQ,BS-11_RB011—BS-11_RB04,SEQ0655
SEQ,BS-110-RB1,SEQ0656
SEQ,BS-110-RB2,SEQ0657
SEQ,BS-110-RB3,SEQ0658
SEQ,BS-110-RB4,SEQ0659
SEQ,BS-12_RB01—BS-12_RB04,SEQ0660
SEQ,BS-120-RB1,SEQ0661
SEQ,BS-120-RB2,SEQ0662
SEQ,BS-120-RB3,SEQ0663
SEQ,BS-120-RB4,SEQ0664
SEQ,BS-13_RB01—BS-13_RB04,SEQ0665
SEQ,BS-130-RB1,SEQ0666
SEQ,BS-130-RB2,SEQ0667
SEQ,BS-130-RB3,SEQ0668
SEQ,BS-14_RB01—BS-14_RB06,SEQ0669
SEQ,BS-15_RB01—BS-15_RB04,SEQ0670
SEQ,BS-16_RB01—BS-16_RB06,SEQ0671
SEQ,BS-17_RB01—BS-17_RB02,SEQ0672
SEQ,DA-01_RB01,SEQ0673
SEQ,DA-02_RB01—DA-02_RB02,SEQ0674
SEQ,DA-03_RB01,SEQ0675
SEQ,DA-04_RB01,SEQ0676
SEQ,DA-05_RB01,SEQ0677
SEQ,DA-06_RB01,SEQ0678
SEQ,DA-07_RB01,SEQ0679
SEQ,DA-08_RB01,SEQ0680
SEQ,EH-01_RB01—EH-01_RB05,SEQ0681
SEQ,EH-010-RB1,SEQ0682
SEQ,EH-010-RB2,SEQ0683
SEQ,EH-02_RB01—EH-02_RB03,SEQ0684
SEQ,EH-020-RB1,SEQ0685
SEQ,EH-03_RB01—EH-03_RB04,SEQ0686
SEQ,EH-04_RB01—EH-04_RB06,SEQ0687
SEQ,EH-06_RB01—EH-06_RB05,SEQ0688
SEQ,FD-01L_RB01,SEQ0689
SEQ,FD-01L_RB02,SEQ0690
SEQ,FD-01L_RB03,SEQ0691
SEQ,FD-01L_RB04,SEQ0692
SEQ,FD-01L_RB05,SEQ0693
SEQ,FD-01R_RB01,SEQ0694
SEQ,FD-01R_RB02,SEQ0695
SEQ,FD-01R_RB03,SEQ0696
SEQ,FD-01R_RB04,SEQ0697
SEQ,FD-01R_RB05,SEQ0698
SEQ,FD-02L_RB01,SEQ0699
SEQ,FD-02L_RB02,SEQ0700
SEQ,FD-02L_RB03,SEQ0701
SEQ,FD-02R_RB01,SEQ0702
SEQ,FD-02R_RB02,SEQ0703
SEQ,FD-02R_RB03,SEQ0704
SEQ,FD-03L_RB01,SEQ0705
SEQ,FD-03L_RB02,SEQ0706
SEQ,FD-03L_RB03,SEQ0707
SEQ,FD-03L_RB04,SEQ0708
SEQ,FD-03R_RB01,SEQ0709
SEQ,FD-03R_RB02,SEQ0710
SEQ,FD-03R_RB03,SEQ0711
SEQ,FD-03R_RB04,SEQ0712
SEQ,FD-06L_RB01,SEQ0713
SEQ,FD-06R_RB01,SEQ0714
SEQ,FF-01_RB01—  FF-01_RB04,SEQ0715
SEQ,FF-010-RB1,SEQ0716
SEQ,FF-010-RB2,SEQ0717
SEQ,FF-02_RB01,SEQ0718
SEQ,FF-020-RB1,SEQ0719
SEQ,FF-03_RB01—  FF-03_RB02,SEQ0720
SEQ,FF-04_RB01,SEQ0721
SEQ,FF-05_RB01— FF-05_RB04,SEQ0722
SEQ,FF-06_RB01,SEQ0723
SEQ,FR-01_RB01,SEQ0724
SEQ,FR-010-RB1,SEQ0725
SEQ,FR-010-RB2,SEQ0726
SEQ,FR-020-RB1,SEQ0727
SEQ,LG-010-RB1,SEQ0728
SEQ,LG-020-RB1,SEQ0729
SEQ,MB-01_RB01—MB-01_RB02,SEQ0730
SEQ,MB-02_RB01—MB-02_RB04,SEQ0731
SEQ,MB-030-RB4,SEQ0732
SEQ,MB-04_RB01—MB-04_RB010,SEQ0733
SEQ,MB-040-RB1,SEQ0734
SEQ,MB-040-RB2,SEQ0735
SEQ,MB-040-RB3,SEQ0736
SEQ,MB-040-RB4,SEQ0737
SEQ,MB-040-RB5,SEQ0738
SEQ,MB-040-RB6,SEQ0739
SEQ,MB-050-RB1,SEQ0740
SEQ,MB-050-RB2,SEQ0741
SEQ,MB-050-RB3,SEQ0742
SEQ,MB-050-RB4,SEQ0743
SEQ,MB-06_RB01—MB-06_RB04,SEQ0744
SEQ,MB-060-RB1,SEQ0745
SEQ,MB-060-RB2,SEQ0746
SEQ,MB-060-RB3,SEQ0747
SEQ,MB-060-RB4,SEQ0748
SEQ,MB-060-RB6,SEQ0749
SEQ,MB-07_RB01—MB-07_RB05,SEQ0750
SEQ,MB-070-RB1,SEQ0751
SEQ,MB-070-RB2,SEQ0752
SEQ,MB-070-RB3,SEQ0753
SEQ,MB-070-RB4,SEQ0754
SEQ,MB-070-RB6,SEQ0755
SEQ,MB-08_RB01—MB-08_RB04,SEQ0756
SEQ,MB-080-RB1,SEQ0757
SEQ,MB-080-RB2,SEQ0758
SEQ,MB-080-RB3,SEQ0759
SEQ,MB-080-RB4,SEQ0760
SEQ,MB-09_RB01—MB-09_RB04,SEQ0761
SEQ,MB-090-RB1,SEQ0762
SEQ,MB-090-RB2,SEQ0763
SEQ,MB-10_RB01—MB-10_RB05,SEQ0764
SEQ,MB-11_RB01—MB-11_RB06,SEQ0765
SEQ,MB-12_RB01—MB-12_RB06,SEQ0766
SEQ,MB-14_RB01—MB-14_RB04,SEQ0767
SEQ,RD-01L_RB01,SEQ0768
SEQ,RD-01L_RB02,SEQ0769
SEQ,RD-01L_RB03,SEQ0770
SEQ,RD-01L_RB04,SEQ0771
SEQ,RD-01L_RB05,SEQ0772
SEQ,RD-01R_RB01,SEQ0773
SEQ,RD-01R_RB02,SEQ0774
SEQ,RD-01R_RB03,SEQ0775
SEQ,RD-01R_RB04,SEQ0776
SEQ,RD-01R_RB05,SEQ0777
SEQ,RD-02L_RB01,SEQ0778
SEQ,RD-02L_RB02,SEQ0779
SEQ,RD-02L_RB03,SEQ0780
SEQ,RD-02R_RB01,SEQ0781
SEQ,RD-02R_RB02,SEQ0782
SEQ,RD-02R_RB03,SEQ0783
SEQ,RD-03L_RB01,SEQ0784
SEQ,RD-03L_RB02,SEQ0785
SEQ,RD-03L_RB03,SEQ0786
SEQ,RD-03L_RB04,SEQ0787
SEQ,RD-03R_RB01,SEQ0788
SEQ,RD-03R_RB02,SEQ0789
SEQ,RD-03R_RB03,SEQ0790
SEQ,RD-03R_RB04,SEQ0791
SEQ,RD-06L_RB01,SEQ0792
SEQ,RD-06R_RB01,SEQ0793
SEQ,RF-01_RB01—RF-01_RB05,SEQ0794
SEQ,RF-010-RB1,SEQ0795
SEQ,RF-010-RB2,SEQ0796
SEQ,RF-02_RB01,SEQ0797
SEQ,RF-020-RB2,SEQ0798
SEQ,RF-020-RB3,SEQ0799
SEQ,RF-03_RB01—RF-03_RB03,SEQ0800
SEQ,RF-03_RB04,SEQ0801
SEQ,RF-030-RB1,SEQ0802
SEQ,RF-04_RB01,SEQ0803
SEQ,RF-05_RB01—RF-05_RB02,SEQ0804
SEQ,RF-06_RB01,SEQ0805
SEQ,RO-01_RB01,SEQ0806
SEQ,RO-010-RB1,SEQ0807
SEQ,RO-010-RB2,SEQ0808
SEQ,RO-020-RB1,SEQ0809
SEQ,RO-03_RB01—RO-03_RB03,SEQ0810
SEQ,RO-04_RB01,SEQ0811
SEQ,RO-05_RB01—RO-05_RB02,SEQ0812
SEQ,RO-06_RB01,SEQ0813
SEQ,RP-02_RB01—RP-02_RB05,SEQ0814
SEQ,RP-04_RB01—RP-04_RB04,SEQ0815
SEQ,UB-01_RB01—UB-01_RB05,SEQ0816
SEQ,UB-010-RB1,SEQ0817
SEQ,UB-010-RB2,SEQ0818
SEQ,UB-010-RB3,SEQ0819
SEQ,UB-02_RB01—UB-02_RB04,SEQ0820
SEQ,UB-020-RB1,SEQ0821
SEQ,UB-020-RB2,SEQ0822
SEQ,UB-020-RB3,SEQ0823
SEQ,UB-020-RB4,SEQ0824
SEQ,UB-020-RB5,SEQ0825
SEQ,UB-020-RB6,SEQ0826
SEQ,UB-03_RB01—UB-03_RB04,SEQ0827
SEQ,UB-030-RB1,SEQ0828
SEQ,UB-030-RB2,SEQ0829
SEQ,UB-030-RB3,SEQ0830
SEQ,UB-030-RB4,SEQ0831
SEQ,UB-04_RB01—UB-04_RB04,SEQ0832
SEQ,UB-05_RB01—UB-05_RB04,SEQ0833
SEQ,UB-06_RB01—UB-06_RB04,SEQ0834
SEQ,BS-11_RB01—BS-11_RB03,SEQ0835
SEQ,BS-12_RB01—BS-12_RB03,SEQ0836
SEQ,BS-13_RB01—BS-13_RB03,SEQ0837
SEQ,BS-14_RB01—BS-14_RB03,SEQ0838
SEQ,BS-15_RB01—BS-15_RB03,SEQ0839
SEQ,BS-16_RB01—BS-16_RB03,SEQ0840
SEQ,DA-02_RB01/DA-02_RB02,SEQ0841
SEQ,EH-02_RB01—EH-02_RB02,SEQ0842
SEQ,EH-06_RB02—EH-06_RB05,SEQ0843
SEQ,FF-01_RB01— FF-01_RB04,SEQ0844
SEQ,FF-03_RB01—FF-03_RB02,SEQ0845
SEQ,FF-05_RB01—FF-05_RB04,SEQ0846
SEQ,FR-01-R1,SEQ0847
SEQ,MB-04_RB01—MB-04_RB10,SEQ0848
SEQ,RF-01_RB01—RF-01_RB04,SEQ0849
SEQ,RF-03_RB01—RF-03_RB04,SEQ0850
SEQ,RP-02_RB02—RP-02_RB05,SEQ0851
SEQ,UB-01_RB02—UB-01_RB05,SEQ0852
SEQ,BS-01_RB02/BS-01_RB03,SEQ0853
SEQ,EH-01_R1,SEQ0854
SEQ,MB-07_RB03,SEQ0855
SEQ,MB-09_RB04,SEQ0856
SEQ,MB-12_RB05,SEQ0857
SEQ,MB-12_RB06,SEQ0858
SEQ,UB-02_RB02/UB-02_RB03,SEQ0859
SEQ,UB-03_RB02,SEQ0860
SEQ,UB-06_RB01/UB-06_RB02,SEQ0861
SEQ,RO-05-R1,SEQ0862
SEQ,RO-05-R2,SEQ0863
SEQ,BS-14_RB04—BS-14_RB05,SEQ0864
SEQ,EH-01_RB04,SEQ0865
SEQ,BS-01_RB02—BS-01_RB03,SEQ0866
SEQ,DA-04_RB01/DA-06_RB01/DA-08_RB01,SEQ0867
SEQ,EH-01_RB01,SEQ0868
SEQ,EH-02_RB03,SEQ0869
SEQ,EH-04_RB03—EH-04_RB04,SEQ0870
SEQ,EH-05_RB01,SEQ0871
SEQ,EH-06_RB01,SEQ0872
SEQ,MB-10_RB03,SEQ0873
SEQ,RF-01_RB05,SEQ0874
SEQ,RP-02_RB01,SEQ0875
SEQ,UB-01_RB01,SEQ0876
SEQ,UB-06_RB01—UB-06_RB02,SEQ0877
SEQ,BS-11_RB04,SEQ0878
SEQ,BS-12_RB04,SEQ0879
SEQ,BS-13_RB04,SEQ0880
SEQ,BS-14_RB06,SEQ0881
SEQ,BS-15_RB04,SEQ0882
SEQ,BS-16_RB04,SEQ0883
SEQ,EH-06,SEQ0884
SEQ,MB060,SEQ0885
SEQ,MB10左侧,SEQ0886
SEQ,顶盖缓存区1,SEQ0887
SEQ,顶盖缓存区2,SEQ0888
SEQ,顶盖缓存区3,SEQ0889
SEQ,BS,SEQ0890
SEQ,UB地板存储区,SEQ0891
SEQ,UB后地板,SEQ0892
SEQ,UB前地板,SEQ0893
SEQ,UB050,SEQ0894
SEQ,MB,SEQ0895
SEQ,UB,SEQ0896
SEQ,BS-01L/R,SEQ0897
SEQ,BS-17L/R,SEQ0898
SEQ,DA-09,SEQ0899
SEQ,EH-05,SEQ0900
SEQ,FF-03,SEQ0901
SEQ,RF-01/RF-05,SEQ0902
SEQ,MB区域,SEQ0903
SEQ,UB区域,SEQ0904
SEQ,EH-01库存,SEQ0905
SEQ,EH-01上件,SEQ0906
SEQ,EH-02上件,SEQ0907
SEQ,MB-15,SEQ0908
SEQ,MB110,SEQ0909
SEQ,BS-11L/R,SEQ0910
SEQ,DA-01/DA-02/DA-03,SEQ0911
SEQ,FD-01L,SEQ0912
SEQ,FD-01R,SEQ0913
SEQ,FD-02L,SEQ0914
SEQ,FD-02R,SEQ0915
SEQ,FD-03L,SEQ0916
SEQ,FD-03R,SEQ0917
SEQ,FF-01/FF-06,SEQ0918
SEQ,MB-03L/R,SEQ0919
SEQ,RD-01L,SEQ0920
SEQ,RD-01R,SEQ0921
SEQ,RD-02L,SEQ0922
SEQ,RD-02R,SEQ0923
SEQ,RD-03L,SEQ0924
SEQ,RD-03R,SEQ0925
SEQ,RO-02,SEQ0926
SEQ,RO-03,SEQ0927
SEQ,RO-06,SEQ0928
SEQ,RP-05,SEQ0929
SEQ,BS010,SEQ0930
SEQ,BS030,SEQ0931
SEQ,BS11L,SEQ0932
SEQ,BS11R,SEQ0933
SEQ,EH-01/EH-02,SEQ0934
SEQ,LG010,SEQ0935
SEQ,MB-07,SEQ0936
SEQ,RO010,SEQ0937
SEQ,RO-05,SEQ0938
SEQ,RP-02,SEQ0939
SEQ,PMR调漆间空调,SEQ0940
SEQ,VOC,SEQ0941
SEQ,车间通风空调1,SEQ0942
SEQ,车间通风空调2,SEQ0943
SEQ,车间通风空调3,SEQ0944
SEQ,纯水站,SEQ0945
SEQ,电泳,SEQ0946
SEQ,电泳烘炉1线,SEQ0947
SEQ,电泳烘炉2线,SEQ0948
SEQ,废水站,SEQ0949
SEQ,工装清洗间,SEQ0950
SEQ,工作区空调1,SEQ0951
SEQ,工作区空调2,SEQ0952
SEQ,工作区空调3,SEQ0953
SEQ,工作区空调4,SEQ0954
SEQ,工作区空调5,SEQ0955
SEQ,工作区空调6,SEQ0956
SEQ,胶炉,SEQ0957
SEQ,冷冻机组,SEQ0958
SEQ,面漆烘炉1线,SEQ0959
SEQ,面漆烘炉2线,SEQ0960
SEQ,面漆清漆1线循环风空调,SEQ0961
SEQ,面漆清漆2线循环风空调,SEQ0962
SEQ,漆渣干燥1线,SEQ0963
SEQ,漆渣干燥2线,SEQ0964
SEQ,前处理,SEQ0965
SEQ,色漆1线闪干炉,SEQ0966
SEQ,色漆2线闪干炉,SEQ0967
SEQ,清漆1线文丘里,SEQ0968
SEQ,清漆2线文丘里,SEQ0969
SEQ,色漆1线文丘里,SEQ0970
SEQ,色漆2线文丘里,SEQ0971
SEQ,中涂1线文丘里,SEQ0972
SEQ,中涂2线文丘里,SEQ0973
SEQ,喷房1线新鲜风空调,SEQ0974
SEQ,喷房2线新鲜风空调,SEQ0975
SEQ,中涂闪干炉1线,SEQ0976
SEQ,中涂闪干炉2线,SEQ0977
SEQ,中涂1线循环风空调,SEQ0978
SEQ,中涂2线循环风空调,SEQ0979
SEQ,UBC1线机器人,SEQ0980
SEQ,UBC2线机器人,SEQ0981
SEQ,UBS1线机器人,SEQ0982
SEQ,UBS2线机器人,SEQ0983
SEQ,1线开盖机器人,SEQ0984
SEQ,2线开盖机器人,SEQ0985
SEQ,1线开门机器人,SEQ0986
SEQ,2线开门机器人,SEQ0987
SEQ,喷涂机器人1线,SEQ0988
SEQ,喷涂机器人2线,SEQ0989
SEQ,1线裙边抗石击机器人,SEQ0990
SEQ,2线裙边抗石击机器人,SEQ0991
SEQ,雾化器,SEQ0992
SEQ,输胶系统,SEQ0993
SEQ,输调漆系统,SEQ0994
SEQ,喷涂1线鸵鸟毛擦净机,SEQ0995
SEQ,喷涂2线鸵鸟毛擦净机,SEQ0996
SEQ,Rodip,SEQ0997
SEQ,抱具,SEQ0998
SEQ,车身交换站,SEQ0999
SEQ,带式升降机,SEQ1000
SEQ,底漆雪橇SK,SEQ1001
SEQ,顶升机LD,SEQ1002
SEQ,滚床设备01RB002--01RB062,SEQ1003
SEQ,滚床设备01RB064--01RB130,SEQ1004
SEQ,滚床设备02RB022--01RB266,SEQ1005
SEQ,滚床设备03RB002--03RB046,SEQ1006
SEQ,滚床设备03RB048--03RB092,SEQ1007
SEQ,滚床设备03RB094--03RB136,SEQ1008
SEQ,滚床设备03RB140--03RB206,SEQ1009
SEQ,滚床设备04RB001--04RB168,SEQ1010
SEQ,滚床设备05RB001--05RB042,SEQ1011
SEQ,滚床设备05RB044--05RB084,SEQ1012
SEQ,滚床设备05RB086--05RB166,SEQ1013
SEQ,滚床设备06RB002--06RD046,SEQ1014
SEQ,滚床设备06RB048--06RB168,SEQ1015
SEQ,滚床设备06RB170--06RB238,SEQ1016
SEQ,滚床设备07RB002--07RB062,SEQ1017
SEQ,滚床设备07RB070--07RB324,SEQ1018
SEQ,滚床设备08RB002--08RB060,SEQ1019
SEQ,滚床设备09RB002--09RB078,SEQ1020
SEQ,滚床设备09RB080--09RB128,SEQ1021
SEQ,滚床设备09RB130--09RB186,SEQ1022
SEQ,滚床设备09RB188--09RB228,SEQ1023
SEQ,滚床设备09RB230--09RB266,SEQ1024
SEQ,滚床设备10RB001--10RB046,SEQ1025
SEQ,滚床设备10RB048--10RB092,SEQ1026
SEQ,滚床设备10RB096--10RB144,SEQ1027
SEQ,滚床设备10RB146--10RB190,SEQ1028
SEQ,滚床设备10RB192--10RB234,SEQ1029
SEQ,滚床设备08RB062--08RB324,SEQ1030
SEQ,横移车TC,SEQ1031
SEQ,横移车TC/移行机,SEQ1032
SEQ,横移链CC,SEQ1033
SEQ,横移链CC/链式移行机,SEQ1034
SEQ,烘炉喷漆链条OC,SEQ1035
SEQ,滑撬堆/解垛机,SEQ1036
SEQ,滑撬锁紧\解锁站LS-型号741,SEQ1037
SEQ,摩擦轮储备滚床FD,SEQ1038
SEQ,喷涂滑撬,SEQ1039
SEQ,皮带升降机,SEQ1040
SEQ,皮带升降机（PVC),SEQ1041
SEQ,偏心升降台,SEQ1042
SEQ,输送控制柜,SEQ1043
SEQ,坦克链,SEQ1044
SEQ,转台TT,SEQ1045
SEQ,TZ-VOC,SEQ1046
SEQ,TZ-CSZ,SEQ1047
SEQ,TZ-DBF,SEQ1048
SEQ,TZ-DDHL,SEQ1049
SEQ,TZ-DY,SEQ1050
SEQ,TZ-DYHL,SEQ1051
SEQ,TZ-DLPDG,SEQ1052
SEQ,TZ-GZJ,SEQ1053
SEQ,TZ-PFJ,SEQ1054
SEQ,TZ-GJ,SEQ1055
SEQ,TZ-GL,SEQ1056
SEQ,TZ-GQ,SEQ1057
SEQ,TZ-KTSF,SEQ1058
SEQ,TZ-KYJ,SEQ1059
SEQ,TZ-MFJHL,SEQ1060
SEQ,TZ-MQHL-2,SEQ1061
SEQ,TZ-MQHL-1,SEQ1062
SEQ,TZ-PFPF,SEQ1063
SEQ,TZ-QCL,SEQ1064
SEQ,TZ-SQSG-2,SEQ1065
SEQ,TZ-SQSG-1,SEQ1066
SEQ,TZ-WQL,SEQ1067
SEQ,TZ-ZLJF,SEQ1068
SEQ,TZ-ZTSG-2,SEQ1069
SEQ,TZ-ZTSG-1,SEQ1070
SEQ,1-2（L1、R1）,SEQ1071
SEQ,13-16（L1、L2、R1、R2）,SEQ1072
SEQ,9-12（L1、L2、R1、R2）,SEQ1073
SEQ,5-8（L1、L2、R1、R2）,SEQ1074
SEQ,1-4（L1、L2、R1、R2）,SEQ1075
SEQ,88-98（P1、P2、P3、P4、P5、P6、D1、D2、D3、D4、H1）,SEQ1076
SEQ,77-87（P1、P2、P3、P4、P5、P6、D1、D2、D3、D4、H1）,SEQ1077
SEQ,43-52（L1、L2、L3、L4、L5、R1、R2、R3、R4、R5）,SEQ1078
SEQ,33-42（L1、L2、L3、L4、L5、R1、R2、R3、R4、R5）,SEQ1079
SEQ,65-76（P1、P2、P3、P4、P5、P6、D1、D2、D3、D4、H1、H2）,SEQ1080
SEQ,53-64（P1、P2、P3、P4、P5、P6、D1、D2、D3、D4、H1、H2）,SEQ1081
SEQ,23-32（L1、L2、L3、L4、L5、R1、R2、R3、R4、R5）,SEQ1082
SEQ,13-22（L1、L2、L3、L4、L5、R1、R2、R3、R4、R5）,SEQ1083
SEQ,TZ-TNM-CJJ-1-（1-5）,SEQ1084
SEQ,TZ-TNM-CJJ-2-（1-5）,SEQ1085
SEQ,PL12-T1C-（1-2）,SEQ1086
SEQ,PR12-T2C-（1-2）,SEQ1087
SEQ,2-TD,SEQ1088
SEQ,PL11-T1C-（1-2）,SEQ1089
SEQ,PR11-T2C-（1-2）,SEQ1090
SEQ,1-TD,SEQ1091
SEQ,7-12（L1、L2、L3、R1、R2、R3）,SEQ1092
SEQ,1-6（L1、L2、L3、R1、R2、R3）,SEQ1093
SEQ,TRB6-1 -TRB6-6,SEQ1094
SEQ,ORB5-1 ORB5-2,SEQ1095
SEQ,IRB6-1  IRB6-2,SEQ1096
SEQ,PRB2-1-PRB2-13 PRB3-1-PRB3-7  PRB4-1  DPRB5-1-DPRB5-170  PRB5-1-PRB5-289  PRB5A-1-PRB5A-87  PRB6-1-PRB6-21,SEQ1097
SEQ,ELb5-1-ELb5-15,SEQ1098
SEQ,LTa7-1 LTa7-2  LTa8-1 LTa8-2 LTa9-1 LTa9-2  LTa10-1 LTa10-2,SEQ1099
SEQ,ED-1,SEQ1100
SEQ,001-220,SEQ1101
SEQ,STK-1-STK-5,SEQ1102
SEQ,LTr-1-LTr-6,SEQ1103
SEQ,IMC2-1-IMC2-3,SEQ1104
SEQ,OC2-1 OC2-2,SEQ1105
SEQ,Eli5-1-Eli5-4,SEQ1106
SEQ,001-028,SEQ1107
SEQ,CT-1-CT-8,SEQ1108
SEQ,FD-1-FD-74,SEQ1109
SEQ,001-500,SEQ1110
SEQ,SC-1-SC-6,SEQ1111
SEQ,LTb5-1-LTb5-5,SEQ1112
SEQ,LT4-1-LT4-29  LT5-1-LT5-4,SEQ1113
SEQ,PT5-1-PT5-20,SEQ1114
SEQ,PC-1,SEQ1115
SEQ,LKm-1  LKm-2,SEQ1116
SEQ,CKp-1  CKp-2,SEQ1117
SEQ,PRBr2-1-PRBr2-4 PRBr3-1-PRBr3-4 PRBr5-1-PRBr5-37,SEQ1118
SEQ,TT5-1-TT5-3,SEQ1119
SEQ,STT5-1-STT5-5,SEQ1120
SEQ,LTh-1-LTh-7,SEQ1121
SEQ,ST4-1-ST4-12   ST5-1-ST5-28,SEQ1122
SEQ,FT-1-FT-4,SEQ1123
SEQ,VOC处理系统,SEQ1124
SEQ,电泳烘炉区域设备,SEQ1125
SEQ,电泳区域设备,SEQ1126
SEQ,公用区域设备,SEQ1127
SEQ,烤灯设备,SEQ1128
SEQ,空调送风风机,SEQ1129
SEQ,控制柜,SEQ1130
SEQ,面漆A烘炉区域设备,SEQ1131
SEQ,面漆B烘炉区域设备,SEQ1132
SEQ,动力滚床HDG1-1至HDG1-221,SEQ1133
SEQ,动力滚床HDG2-1至HDG2-27,SEQ1134
SEQ,动力滚床HDG3-1至HDG3-22,SEQ1135
SEQ,喷房排风和文丘里区域设备,SEQ1136
SEQ,前处理区域设备,SEQ1137
SEQ,三楼工作区风机，空调KT11,SEQ1138
SEQ,闪干炉A线设备,SEQ1139
SEQ,闪干炉B线设备,SEQ1140
SEQ,调漆室、液压站、管中管、废溶剂回收、密封胶PVC区域设备 ,SEQ1141
SEQ,中涂烘炉区域设备,SEQ1142
SEQ,A线内喷机器人设备,SEQ1143
SEQ,B线内喷机器人设备,SEQ1144
SEQ,A线UBC,SEQ1145
SEQ,A线UBS,SEQ1146
SEQ,B线UBC,SEQ1147
SEQ,B线UBS,SEQ1148
SEQ,面漆A线喷涂机器人,SEQ1149
SEQ,面漆B线喷涂机器人,SEQ1150
SEQ,清漆A线喷涂机器人,SEQ1151
SEQ,清漆B线喷涂机器人,SEQ1152
SEQ,中涂线喷涂机器人,SEQ1153
SEQ,电泳摆杆PC_2,SEQ1154
SEQ,电泳撬001至175,SEQ1155
SEQ,工艺带设备HGP-1,SEQ1156
SEQ,工艺带设备HGP-2,SEQ1157
SEQ,工艺带设备HGP-3,SEQ1158
SEQ,工艺带设备HGP-4,SEQ1159
SEQ,工艺带设备HGP-5,SEQ1160
SEQ,工艺带设备HGP-6,SEQ1161
SEQ,烘炉输送链设备IMC-1,SEQ1162
SEQ,烘炉输送链设备IMC-2,SEQ1163
SEQ,烘炉输送链设备IMC-3,SEQ1164
SEQ,烘炉输送链设备IMC-4,SEQ1165
SEQ,拆垛机HCD-1至HCD-2,SEQ1166
SEQ,堆垛机HDD-1至HDD-2,SEQ1167
SEQ,锁紧、解锁站设备,SEQ1168
SEQ,积放带设备HJF-15至HJF-20,SEQ1169
SEQ,积放带设备HJF-1至HJF-6,SEQ1170
SEQ,积放带设备HJF-21至HJF-22,SEQ1171
SEQ,积放带设备HJF-23至HJF-32,SEQ1172
SEQ,积放带设备HJF-33至HJF-41,SEQ1173
SEQ,积放带设备HJF-7至HJF-14,SEQ1174
SEQ,检锁站设备,SEQ1175
SEQ,剪式液压升降滚床HSG2_1-HSG2_5,SEQ1176
SEQ,链式升降机设备HSJ-10,SEQ1177
SEQ,链式升降机设备HSJ-11,SEQ1178
SEQ,链式升降机设备HSJ-12,SEQ1179
SEQ,链式升降机设备HSJ-13,SEQ1180
SEQ,链式移行机,SEQ1181
SEQ,面漆撬001至370,SEQ1182
SEQ,前处理摆杆PC_1,SEQ1183
SEQ,升降机设备HSJ-1,SEQ1184
SEQ,升降机设备HSJ-2,SEQ1185
SEQ,升降机设备HSJ-3,SEQ1186
SEQ,升降机设备HSJ-4,SEQ1187
SEQ,升降机设备HSJ-5,SEQ1188
SEQ,升降机设备HSJ-6,SEQ1189
SEQ,升降机设备HSJ-7,SEQ1190
SEQ,升降机设备HSJ-8,SEQ1191
SEQ,升降机设备HSJ-9,SEQ1192
SEQ,双链设备HSL-3,SEQ1193
SEQ,双链设备HSL-4,SEQ1194
SEQ,双链设备HSL-5,SEQ1195
SEQ,双链设备HSL-6,SEQ1196
SEQ,双链设备HSL-7,SEQ1197
SEQ,推进链PIB-1,SEQ1198
SEQ,推进链PIB-2,SEQ1199
SEQ,旋转滚床HXG_1-HXG_11,SEQ1200
SEQ,旋转滚床HXG3_1-HXG3_2,SEQ1201
SEQ,移行机设备HDY_1 至HDY_8,SEQ1202
SEQ,移行机设备HDY_17 至HDY_23,SEQ1203
SEQ,移行机设备HDY_24 至HDY_29,SEQ1204
SEQ,移行机设备HDY_30 至HDY_33,SEQ1205
SEQ,移行机设备HDY_9 至HDY_16,SEQ1206
SEQ,移载机设备HYZ_1,SEQ1207
SEQ,移载机设备HYZ_2,SEQ1208
SEQ,移载机设备HYZ_3,SEQ1209
SEQ,1-62号,SEQ1210
SEQ,FA1-11L,SEQ1211
SEQ,FA2-32L,SEQ1212
SEQ,FA1-03R,SEQ1213
SEQ,检测线,SEQ1214
SEQ,轮胎分装线,SEQ1215
SEQ,CA3-56L,SEQ1216
SEQ,TA4-64R,SEQ1217
SEQ,281专用加注机,SEQ1218
SEQ,常规车型加注机,SEQ1219
SEQ,TA4-64L,SEQ1220
SEQ,侧滑1线,SEQ1221
SEQ,侧滑2线,SEQ1222
SEQ,侧滑3线,SEQ1223
SEQ,1号电池AGV,SEQ1224
SEQ,2号电池AGV,SEQ1225
SEQ,3号电池AGV,SEQ1226
SEQ,4号电池AGV,SEQ1227
SEQ,变速器上线葫芦吊,SEQ1228
SEQ,发动机上线葫芦吊,SEQ1229
SEQ,发动机转运葫芦吊,SEQ1230
SEQ,后桥转运葫芦吊,SEQ1231
SEQ,1号台车,SEQ1232
SEQ,2号台车,SEQ1233
SEQ,3号台车,SEQ1234
SEQ,返修区,SEQ1235
SEQ,10号合装AGV,SEQ1236
SEQ,11号合装AGV,SEQ1237
SEQ,12号合装AGV,SEQ1238
SEQ,13号合装AGV,SEQ1239
SEQ,14号合装AGV,SEQ1240
SEQ,1号合装AGV,SEQ1241
SEQ,2号合装AGV,SEQ1242
SEQ,3号合装AGV,SEQ1243
SEQ,4号合装AGV,SEQ1244
SEQ,5号合装AGV,SEQ1245
SEQ,6号合装AGV,SEQ1246
SEQ,7号合装AGV,SEQ1247
SEQ,8号合装AGV,SEQ1248
SEQ,9号合装AGV,SEQ1249
SEQ,1-10号,SEQ1250
SEQ,TA3-63L,SEQ1251
SEQ,CA2-26L,SEQ1252
SEQ,CA2-26R,SEQ1253
SEQ,CA2-27L,SEQ1254
SEQ,CA2-27R,SEQ1255
SEQ,CA2-28L,SEQ1256
SEQ,CA2-28R,SEQ1257
SEQ,CA2-29L,SEQ1258
SEQ,CA2-29R,SEQ1259
SEQ,CA2-30L,SEQ1260
SEQ,CA2-30R,SEQ1261
SEQ,CA2-31L,SEQ1262
SEQ,CA2-31R,SEQ1263
SEQ,CA2-32L,SEQ1264
SEQ,CA2-33L,SEQ1265
SEQ,CA2-33R,SEQ1266
SEQ,FA1-01L,SEQ1267
SEQ,FA1-01R,SEQ1268
SEQ,FA1-02L,SEQ1269
SEQ,FA1-02L1,SEQ1270
SEQ,FA1-02R1,SEQ1271
SEQ,(空白),SEQ1272
SEQ,TA1-2L,SEQ1273
SEQ,TA1-2R,SEQ1274
SEQ,TA3-55L,SEQ1275
SEQ,TA3-55R,SEQ1276
SEQ,驾驶辅助1线,SEQ1277
SEQ,驾驶辅助2线,SEQ1278
SEQ,空调检测1线,SEQ1279
SEQ,空调检测2线,SEQ1280
SEQ,空调检测3线,SEQ1281
SEQ,CA3-59L,SEQ1282
SEQ,CA3-59R,SEQ1283
SEQ,轮胎双修正工位L,SEQ1284
SEQ,轮胎双修正工位R,SEQ1285
SEQ,A单元,SEQ1286
SEQ,B单元,SEQ1287
SEQ,FA2-40L,SEQ1288
SEQ,FA2-40R,SEQ1289
SEQ,油库,SEQ1290
SEQ,TA3-63R,SEQ1291
SEQ,全景标定1线,SEQ1292
SEQ,全景标定2线,SEQ1293
SEQ,TA1-18L,SEQ1294
SEQ,双柱举升机1,SEQ1295
SEQ,双柱举升机2,SEQ1296
SEQ,双柱举升机3,SEQ1297
SEQ,四轮定位1线,SEQ1298
SEQ,四轮定位2线,SEQ1299
SEQ,四轮定位3线,SEQ1300
SEQ,四柱举升机1,SEQ1301
SEQ,四柱举升机2,SEQ1302
SEQ,CA3-62L,SEQ1303
SEQ,TA2-22L,SEQ1304
SEQ,返修区1-2号,SEQ1305
SEQ,检测线1-11号,SEQ1306
SEQ,FA1-5L,SEQ1307
SEQ,TA3-48L,SEQ1308
SEQ,CA1-05L,SEQ1309
SEQ,CA2-41L,SEQ1310
SEQ,CA3-41R,SEQ1311
SEQ,转毂1线,SEQ1312
SEQ,转毂2线,SEQ1313
SEQ,转毂3线,SEQ1314
SEQ,右车门机械手,SEQ1315
SEQ,左车门机械手,SEQ1316
SEQ,后排座椅机械手,SEQ1317
SEQ,主驾座椅机械手,SEQ1318
SEQ,EL268,SEQ1319
SEQ,POS001,SEQ1320
SEQ,POS268,SEQ1321
SEQ,SSLT279,SEQ1322
SEQ,SSLT370,SEQ1323
SEQ,SSLT450,SEQ1324
SEQ,PBS滑橇001——264,SEQ1325
SEQ,SLT351,SEQ1326
SEQ,SLT358,SEQ1327
SEQ,SSLT460,SEQ1328
SEQ,摩擦棍床FRB001-FRB046,SEQ1329
SEQ,皮带辊床PRB001-PRB060,SEQ1330
SEQ,旋转滚床TT001-TT010,SEQ1331
SEQ,滚床TT0011-TT0016,SEQ1332
SEQ,移行机SHT001-SHT016,SEQ1333
SEQ,分装区,SEQ1334
SEQ,变速器出口剪叉式升降机,SEQ1335
SEQ,变速器入口剪叉式升降机,SEQ1336
SEQ,LD3119-LD3124,SEQ1337
SEQ,LD3129-LD3132,SEQ1338
SEQ,车门二次吊具001-280,SEQ1339
SEQ,车门一次吊具001-120,SEQ1340
SEQ,SOHT3101,SEQ1341
SEQ,SOHT3115,SEQ1342
SEQ,RB001-RB019,SEQ1343
SEQ,KF3101-KF3104,SEQ1344
SEQ,SHT001,SEQ1345
SEQ,SHT002,SEQ1346
SEQ,最终EL001,SEQ1347
SEQ,底盘抱具001-125,SEQ1348
SEQ,EL001-EL006,SEQ1349
SEQ,DDR/MD001-DDR/MD155,SEQ1350
SEQ,吊具001-054,SEQ1351
SEQ,EL001-EL004,SEQ1352
SEQ,DDR/MD001-DDR/MD102,SEQ1353
SEQ,后桥器出口剪叉式升降机,SEQ1354
SEQ,后桥入口剪叉式升降机,SEQ1355
SEQ,STK01,SEQ1356
SEQ,STK02,SEQ1357
SEQ,CA3-58L,SEQ1358
SEQ,CA3-58R,SEQ1359
SEQ,LIFT01,SEQ1360
SEQ,LIFT02,SEQ1361
SEQ,备胎螺旋塔,SEQ1362
SEQ,主胎螺旋塔,SEQ1363
SEQ,LTR001M,SEQ1364
SEQ,LTR002M,SEQ1365
SEQ,LTR003M,SEQ1366
SEQ,EL007,SEQ1367
SEQ,内饰1线导电排,SEQ1368
SEQ,内饰2线导电排,SEQ1369
SEQ,内饰3线导电排,SEQ1370
SEQ,内饰4线导电排,SEQ1371
SEQ,滑板001-滑板115,SEQ1372
SEQ,POS002,SEQ1373
SEQ,POS003,SEQ1374
SEQ,旋转平台TT001-TT008,SEQ1375
SEQ,SLT001,SEQ1376
SEQ,SLT002,SEQ1377
SEQ,快驱FD/DFD001-FD049,SEQ1378
SEQ,主驱MD001-MD008,SEQ1379
SEQ,阻尼驱动HBD001,SEQ1380
SEQ,阻尼驱动HBD002,SEQ1381
SEQ,阻尼驱动HBD003,SEQ1382
SEQ,阻尼驱动HBD004,SEQ1383
SEQ,普通淋雨检测1线,SEQ1384
SEQ,普通淋雨检测2线,SEQ1385
SEQ,强化淋雨检测线,SEQ1386
SEQ,PCC001板链,SEQ1387
SEQ,ALT001,SEQ1388
SEQ,吊具001-050,SEQ1389
SEQ,DDR/MD001-DDR/MD057,SEQ1390
SEQ,转运线,SEQ1391
SEQ,1-12号,SEQ1392
SEQ,滑板001-滑板54,SEQ1393
SEQ,旋转平台TT001-TT003,SEQ1394
SEQ,ALT002,SEQ1395
SEQ,ALT003,SEQ1396
SEQ,快驱FD/DFD001-FD015,SEQ1397
SEQ,主驱MD001-MD002,SEQ1398
SEQ,EL001,SEQ1399
SEQ,EL002,SEQ1400
SEQ,EL001-EL005,SEQ1401
SEQ,LFT001,SEQ1402
SEQ,LFT002,SEQ1403
SEQ,TRN001M01,SEQ1404
SEQ,TRN001M02,SEQ1405
SEQ,TRN001M03,SEQ1406
SEQ,TRN002M01,SEQ1407
SEQ,TRN002M02,SEQ1408
SEQ,TRN002M03,SEQ1409
SEQ,TRN003M01,SEQ1410
SEQ,TRN003M02,SEQ1411
SEQ,TRN003M03,SEQ1412
SEQ,TRN004,SEQ1413
SEQ,TRN005,SEQ1414
SEQ,AGC小车1-12#,SEQ1415
SEQ,AGC小车1-8#,SEQ1416
SEQ,AGC小车1-9#,SEQ1417
SEQ,底盘一线,SEQ1418
SEQ,AGV1-12#,SEQ1419
SEQ,AGV1-5#,SEQ1420
SEQ,FA1-08R,SEQ1421
SEQ,FA1-15L,SEQ1422
SEQ,淋雨线,SEQ1423
SEQ,CA2-50L,SEQ1424
SEQ,TA4-63L,SEQ1425
SEQ,GA-19L-1#,SEQ1426
SEQ,PT-35L-2#,SEQ1427
SEQ,TA4-63R,SEQ1428
SEQ,侧滑1#,SEQ1429
SEQ,侧滑2#,SEQ1430
SEQ,侧滑3#,SEQ1431
SEQ,合装电池AGV小车1#,SEQ1432
SEQ,合装电池AGV小车2#,SEQ1433
SEQ,合装电池AGV小车3#,SEQ1434
SEQ,合装电池AGV小车4#,SEQ1435
SEQ,合装电池AGV小车5#,SEQ1436
SEQ,电动葫芦1-28#,SEQ1437
SEQ,电喷1#,SEQ1438
SEQ,电喷2#,SEQ1439
SEQ,电喷3#,SEQ1440
SEQ,PT-35L,SEQ1441
SEQ,FA1-17,SEQ1442
SEQ,调试区,SEQ1443
SEQ,FA1-17L,SEQ1444
SEQ,合装AGV小车1#,SEQ1445
SEQ,合装AGV小车10#,SEQ1446
SEQ,合装AGV小车11#,SEQ1447
SEQ,合装AGV小车12#,SEQ1448
SEQ,合装AGV小车13#,SEQ1449
SEQ,合装AGV小车14#,SEQ1450
SEQ,合装AGV小车15#,SEQ1451
SEQ,合装AGV小车2#,SEQ1452
SEQ,合装AGV小车3#,SEQ1453
SEQ,合装AGV小车4#,SEQ1454
SEQ,合装AGV小车5#,SEQ1455
SEQ,合装AGV小车6#,SEQ1456
SEQ,合装AGV小车7#,SEQ1457
SEQ,合装AGV小车8#,SEQ1458
SEQ,合装AGV小车9#,SEQ1459
SEQ,TA3-62L,SEQ1460
SEQ, CA1-02L,SEQ1461
SEQ, CA1-02R,SEQ1462
SEQ, CA1-25L,SEQ1463
SEQ, CA1-25R,SEQ1464
SEQ, CA1-26L,SEQ1465
SEQ, CA1-26R,SEQ1466
SEQ, CA2-28L,SEQ1467
SEQ, CA2-28R,SEQ1468
SEQ, CA2-29R,SEQ1469
SEQ, CA2-30L,SEQ1470
SEQ, CA2-31L,SEQ1471
SEQ, CA2-32L,SEQ1472
SEQ, CA2-32R,SEQ1473
SEQ, FA1-01L,SEQ1474
SEQ, FA1-01R,SEQ1475
SEQ, FA1-15L,SEQ1476
SEQ, FS-06L,SEQ1477
SEQ, FS-06R,SEQ1478
SEQ, FS-07R,SEQ1479
SEQ, FS-09R,SEQ1480
SEQ, PT-22L,SEQ1481
SEQ, PT-22R,SEQ1482
SEQ, TA2-28R,SEQ1483
SEQ,FA1-15R,SEQ1484
SEQ,FS-07L,SEQ1485
SEQ,GA-04L,SEQ1486
SEQ,GA-04R,SEQ1487
SEQ,RS-04L,SEQ1488
SEQ,RS-04R,SEQ1489
SEQ,RS-05L,SEQ1490
SEQ,RS-05R,SEQ1491
SEQ,RS-06L,SEQ1492
SEQ,RS-06R,SEQ1493
SEQ,RS-10L,SEQ1494
SEQ,RS-10R,SEQ1495
SEQ,RS-11L,SEQ1496
SEQ,RS-11R,SEQ1497
SEQ,后制动器分装区1#,SEQ1498
SEQ,后制动器分装区2#,SEQ1499
SEQ,后制动器分装区3#,SEQ1500
SEQ,后制动器分装区4#,SEQ1501
SEQ,后制动器分装区5#,SEQ1502
SEQ,后制动器分装区6#,SEQ1503
SEQ,前支柱分装区1#,SEQ1504
SEQ,前支柱分装区2#,SEQ1505
SEQ,前支柱分装区3#,SEQ1506
SEQ,前支柱分装区4#,SEQ1507
SEQ,四轮定位1线（右）,SEQ1508
SEQ,四轮定位1线（左）,SEQ1509
SEQ,四轮定位2线（右）,SEQ1510
SEQ,四轮定位2线（左）,SEQ1511
SEQ,四轮定位3线（右）,SEQ1512
SEQ,四轮定位3线（左）,SEQ1513
SEQ,CA1-16L,SEQ1514
SEQ,TA1-02R-1#,SEQ1515
SEQ,TA1-02R-2#,SEQ1516
SEQ,TA3-54R-1#,SEQ1517
SEQ,TA3-54R-2#,SEQ1518
SEQ,驾驶辅助1#,SEQ1519
SEQ,驾驶辅助2#,SEQ1520
SEQ,空调检测1#,SEQ1521
SEQ,空调检测2#,SEQ1522
SEQ,CA2-52L,SEQ1523
SEQ,CA2-52R,SEQ1524
SEQ,修正1,SEQ1525
SEQ,修正2,SEQ1526
SEQ, CA2-51L,SEQ1527
SEQ,TA3-62R,SEQ1528
SEQ,TA4-65R,SEQ1529
SEQ,全景标定1#,SEQ1530
SEQ,全景标定2#,SEQ1531
SEQ,TA2-21R,SEQ1532
SEQ,后桥分装线,SEQ1533
SEQ,数字灯光仪1#,SEQ1534
SEQ,数字灯光仪2#,SEQ1535
SEQ,数字灯光仪3#,SEQ1536
SEQ,两柱举升机1#,SEQ1537
SEQ,两柱举升机2#,SEQ1538
SEQ,两柱举升机3#,SEQ1539
SEQ,两柱举升机4#,SEQ1540
SEQ,FA2-21,SEQ1541
SEQ,四轮定位1#,SEQ1542
SEQ,四轮定位2#,SEQ1543
SEQ,四轮定位3#,SEQ1544
SEQ,四柱举升机1#,SEQ1545
SEQ,四柱举升机2#,SEQ1546
SEQ, CA2-53L,SEQ1547
SEQ,TA2-24R,SEQ1548
SEQ,TA2-25R,SEQ1549
SEQ,检测二线,SEQ1550
SEQ,检测三线,SEQ1551
SEQ,检测一线,SEQ1552
SEQ,内饰三线,SEQ1553
SEQ,内饰四线,SEQ1554
SEQ,外观检查线,SEQ1555
SEQ,最终二线,SEQ1556
SEQ,最终一线,SEQ1557
SEQ,FA2-27L,SEQ1558
SEQ,FA2-39L,SEQ1559
SEQ,FA1-08L,SEQ1560
SEQ,FA1-06L,SEQ1561
SEQ,TA3-48R,SEQ1562
SEQ,TA3-50R,SEQ1563
SEQ,CA1-08L,SEQ1564
SEQ,主检平衡机1,SEQ1565
SEQ,主检平衡机2,SEQ1566
SEQ,CA1-27L,SEQ1567
SEQ,CA1-27R,SEQ1568
SEQ,转毂1#,SEQ1569
SEQ,转毂2#,SEQ1570
SEQ,转毂3#,SEQ1571
SEQ, FA2-23L（左后）,SEQ1572
SEQ, FA2-23L（左前）,SEQ1573
SEQ,FA2-23R（右后）,SEQ1574
SEQ,FA2-23R（右前）,SEQ1575
SEQ,座椅机械手（右后）,SEQ1576
SEQ,座椅机械手（右前）,SEQ1577
SEQ,座椅机械手（右中）,SEQ1578
SEQ,座椅机械手（左后）,SEQ1579
SEQ,座椅机械手（左前）,SEQ1580
SEQ,座椅机械手（左中）,SEQ1581
SEQ,内饰一线入口,SEQ1582
SEQ,TRIM1++Z1+012LC01,SEQ1583
SEQ,PBS1++Z1+001FX01,SEQ1584
SEQ,PBS1++Z1+012FX01,SEQ1585
SEQ,PBS3++Z2+543FX01,SEQ1586
SEQ,PBS1++Z1+258EL01,SEQ1587
SEQ,PBS3++Z2+547EL01,SEQ1588
SEQ,PBS滑橇1-346#,SEQ1589
SEQ,PBS3++Z1+505EL01,SEQ1590
SEQ,PBS3++Z1+579EL01,SEQ1591
SEQ,PBS摩擦滚床1-389#,SEQ1592
SEQ,PBS皮带滚床1-69#,SEQ1593
SEQ,PBS二区,SEQ1594
SEQ,PBS三区,SEQ1595
SEQ,PBS一区,SEQ1596
SEQ,PBS1++Z1+026TT01,SEQ1597
SEQ,PBS1++Z1+236TT01,SEQ1598
SEQ,PBS2++Z1+302TT01,SEQ1599
SEQ,PBS2++Z1+427TT01,SEQ1600
SEQ,PBS3++Z1+502TT01,SEQ1601
SEQ,PBS3++Z1+584TT01,SEQ1602
SEQ,PBS3++Z2+537TT01,SEQ1603
SEQ,PBS3++Z2+542TT01,SEQ1604
SEQ,TRIM1++Z1+011TT01,SEQ1605
SEQ,TRIM1++Z1+013TT01,SEQ1606
SEQ,PBS1++Z1+004CS01,SEQ1607
SEQ,PBS1++Z2+031CS01,SEQ1608
SEQ,PBS1++Z2+032CS01,SEQ1609
SEQ,PBS1++Z2+032CS02,SEQ1610
SEQ,PBS1++Z3+052CS01,SEQ1611
SEQ,PBS1++Z3+052CS02,SEQ1612
SEQ,PBS1++Z3+205CS01,SEQ1613
SEQ,PBS2++Z1+343CS01,SEQ1614
SEQ,PBS2++Z1+383CS01,SEQ1615
SEQ,PBS2++Z2+323CS01,SEQ1616
SEQ,PBS2++Z2+363CS01,SEQ1617
SEQ,变速器分装线,SEQ1618
SEQ,变速器分装线出口,SEQ1619
SEQ,变速器分装线入口,SEQ1620
SEQ,FA2-23L,SEQ1621
SEQ,FA2-23R,SEQ1622
SEQ,FA2-24L,SEQ1623
SEQ,FA2-24R,SEQ1624
SEQ,TA1-03L,SEQ1625
SEQ,TA1-03R,SEQ1626
SEQ,TA1-05L,SEQ1627
SEQ,TA1-05R,SEQ1628
SEQ,车门分装线出口,SEQ1629
SEQ,车门分装线入口,SEQ1630
SEQ,车门线吊具1-236#,SEQ1631
SEQ,DOOR1++Z3+044LT01,SEQ1632
SEQ,DOOR1++Z3+047LT01,SEQ1633
SEQ,DOOR1++Z3+044AR02,SEQ1634
SEQ,DOOR1++Z3+045AR01,SEQ1635
SEQ,DOOR1++Z3+046AR01,SEQ1636
SEQ,DOOR1++Z3+047AR01,SEQ1637
SEQ,车门分装线,SEQ1638
SEQ,车门合装线,SEQ1639
SEQ,DOOR1++Z3+044CAL01,SEQ1640
SEQ,DOOR1++Z3+046CAL01,SEQ1641
SEQ,车门二线,SEQ1642
SEQ,车门一线,SEQ1643
SEQ,DOOR1++Z3+045CS01,SEQ1644
SEQ,最终一线入口,SEQ1645
SEQ,底盘线抱具1-96#,SEQ1646
SEQ,底盘二线 出口,SEQ1647
SEQ,底盘二线 入口,SEQ1648
SEQ,底盘一线出口,SEQ1649
SEQ,底盘一线入口,SEQ1650
SEQ,底盘二线 ,SEQ1651
SEQ,FS-1,SEQ1652
SEQ,发动机分装线出口,SEQ1653
SEQ,发动机分装线高速皮带升降机1#,SEQ1654
SEQ,发动机分装线高速皮带升降机2#,SEQ1655
SEQ,发动机分装线,SEQ1656
SEQ,PT-15,SEQ1657
SEQ,PT-21,SEQ1658
SEQ,后桥分装线出口,SEQ1659
SEQ,后桥分装线入口,SEQ1660
SEQ,TIRE++Z2+018SL01,SEQ1661
SEQ,TIRE++Z2+020SL01,SEQ1662
SEQ,轮胎输送线,SEQ1663
SEQ,内饰四线出口,SEQ1664
SEQ,内饰二线,SEQ1665
SEQ,内饰一线,SEQ1666
SEQ,内饰线滑板1-110#,SEQ1667
SEQ,内饰三线出口,SEQ1668
SEQ,内饰线二线出口（平台）,SEQ1669
SEQ,内饰线二线入口（平台）,SEQ1670
SEQ,内饰线三线出口（平台）,SEQ1671
SEQ,内饰线三线入口（平台）,SEQ1672
SEQ,内饰线四线出口（地坑）,SEQ1673
SEQ,内饰线四线入口（平台）,SEQ1674
SEQ,内饰线一线出口（平台）,SEQ1675
SEQ,内饰线一线入口（地坑）,SEQ1676
SEQ,内饰二线出口,SEQ1677
SEQ,内饰二线入口,SEQ1678
SEQ,内饰三线入口,SEQ1679
SEQ,内饰四线入口,SEQ1680
SEQ,内饰一线出口,SEQ1681
SEQ,普通淋雨检测二线,SEQ1682
SEQ,普通淋雨检测一线,SEQ1683
SEQ,前悬分装线,SEQ1684
SEQ,外观检查线入口,SEQ1685
SEQ,仪表线,SEQ1686
SEQ,仪表线吊具1-52#,SEQ1687
SEQ,TA3-53R,SEQ1688
SEQ,仪表线出口,SEQ1689
SEQ,仪表线入口,SEQ1690
SEQ,仪表分装线,SEQ1691
SEQ,最终二线出口,SEQ1692
SEQ,最终线滑板1-52#,SEQ1693
SEQ,最终二线出口（地坑）,SEQ1694
SEQ,最终二线入口（平台）,SEQ1695
SEQ,最终一线出口（平台）,SEQ1696
SEQ,最终一线入口（地坑）,SEQ1697
SEQ,最终二线入口,SEQ1698
SEQ,最终一线出口,SEQ1699
SEQ, FA1-11L,SEQ1700
SEQ, FA1-11R,SEQ1701
SEQ, FA1-13L,SEQ1702
SEQ, FA1-13R,SEQ1703
SEQ,座椅升降机1#,SEQ1704
SEQ,座椅升降机2#,SEQ1705
SEQ,SEAT++Z1+001LT01,SEQ1706
SEQ,SEAT++Z1+003LT01,SEQ1707
SEQ,SEAT++Z1+009LT01,SEQ1708
SEQ,SEAT++Z1+011LT01,SEQ1709
SEQ,SEAT++Z2+021LT01,SEQ1710
SEQ,SEAT++Z4+041LT01,SEQ1711
SEQ,SEAT++Z4+064LT01,SEQ1712
SEQ,SEAT++Z5+062LT01,SEQ1713
SEQ,座椅输送线,SEQ1714
SEQ,（SEAT++Z5+063TT01）,SEQ1715
SEQ,SEAT++Z3+065TT01,SEQ1716
SEQ,SEAT++Z4+040TT01,SEQ1717
SEQ,SEAT++Z5+051TT01,SEQ1718
SEQ,检测二线交流检测工位,SEQ1719
SEQ,检测二线直流检测工位,SEQ1720
SEQ,检测一线交流检测工位,SEQ1721
SEQ,检测一线直流检测工位,SEQ1722
SEQ,CA-35R,SEQ1723
SEQ,TA2-59R,SEQ1724
SEQ,CA-5,SEQ1725
SEQ,1#-3#,SEQ1726
SEQ,RDC,SEQ1727
SEQ,调试返修区吊装工位,SEQ1728
SEQ,GA-03-1#,SEQ1729
SEQ,GA-03-2#,SEQ1730
SEQ,GA-05-1#,SEQ1731
SEQ,GA-05-2#,SEQ1732
SEQ,GA-变分1,SEQ1733
SEQ,GA-变分2,SEQ1734
SEQ,GA-变分3,SEQ1735
SEQ,GA-变分4,SEQ1736
SEQ,PT-10L,SEQ1737
SEQ,PT-10R,SEQ1738
SEQ,发动机库房,SEQ1739
SEQ,前支柱分装L,SEQ1740
SEQ,前支柱分装R,SEQ1741
SEQ,调试返修焊机工位,SEQ1742
SEQ,调试返修冷媒加注工位,SEQ1743
SEQ,检测线国六尾气工位,SEQ1744
SEQ,发动机1#小车,SEQ1745
SEQ,发动机2#小车,SEQ1746
SEQ,发动机3#小车,SEQ1747
SEQ,发动机4#小车,SEQ1748
SEQ,发动机5#小车,SEQ1749
SEQ,发动机6#小车,SEQ1750
SEQ,发动机7#小车,SEQ1751
SEQ,发动机8#小车,SEQ1752
SEQ,后桥1#小车,SEQ1753
SEQ,后桥2#小车,SEQ1754
SEQ,后桥3#小车,SEQ1755
SEQ,后桥4#小车,SEQ1756
SEQ,后桥5#小车,SEQ1757
SEQ,TA1-25R,SEQ1758
SEQ,TA2-59L,SEQ1759
SEQ,TA2-58L,SEQ1760
SEQ,完成线入口,SEQ1761
SEQ,CA-20L(PTU),SEQ1762
SEQ,CA-25L,SEQ1763
SEQ,CA-25R,SEQ1764
SEQ,CA-26L,SEQ1765
SEQ,CA-26R,SEQ1766
SEQ,CA-27L,SEQ1767
SEQ,CA-27R,SEQ1768
SEQ,CA-28L,SEQ1769
SEQ,CA-28R,SEQ1770
SEQ,CA-29L,SEQ1771
SEQ,CA-29R,SEQ1772
SEQ,FA-1L,SEQ1773
SEQ,FA-1R,SEQ1774
SEQ,FS-03L,SEQ1775
SEQ,FS-03R,SEQ1776
SEQ,FS-05L,SEQ1777
SEQ,FS-05R,SEQ1778
SEQ,FS-06L,SEQ1779
SEQ,FS-06R,SEQ1780
SEQ,PT-02L,SEQ1781
SEQ,PT-02R,SEQ1782
SEQ,PT-07L,SEQ1783
SEQ,PT-07R,SEQ1784
SEQ,PT-11L,SEQ1785
SEQ,PT-11R,SEQ1786
SEQ,TA1-23L,SEQ1787
SEQ,TA1-23R,SEQ1788
SEQ,检测二线（后轮前束）,SEQ1789
SEQ,检测二线（前轮前束）,SEQ1790
SEQ,1工位平台-2#,SEQ1791
SEQ,TA2-34R-1#,SEQ1792
SEQ,TA2-34R-2#,SEQ1793
SEQ,TA2-34R-3#,SEQ1794
SEQ,TA2-34R-4#,SEQ1795
SEQ,集中供液供油站,SEQ1796
SEQ,总装一车间,SEQ1797
SEQ,CA-43L,SEQ1798
SEQ,CA-43R,SEQ1799
SEQ,检测二线（淋雨二线出口）,SEQ1800
SEQ,检测一线（淋雨一线出口）,SEQ1801
SEQ,检测二线-1#-2#,SEQ1802
SEQ,CA-41L,SEQ1803
SEQ,CA-45L,SEQ1804
SEQ,调试返修轮胎气压检测工位,SEQ1805
SEQ,1#-5#小车,SEQ1806
SEQ,CA-40L,SEQ1807
SEQ,CA-40R,SEQ1808
SEQ,CA-44R,SEQ1809
SEQ,调试返修密封畅通测试工位,SEQ1810
SEQ,TA2-55L,SEQ1811
SEQ,TA2-54L,SEQ1812
SEQ,TA2-40R,SEQ1813
SEQ,CA-22,SEQ1814
SEQ,1#-10#小车,SEQ1815
SEQ,11#-20#小车,SEQ1816
SEQ,21#-30#小车,SEQ1817
SEQ,31#-40#小车,SEQ1818
SEQ,FS-分,SEQ1819
SEQ,TA1-8L,SEQ1820
SEQ,TA1-8R,SEQ1821
SEQ,前支柱分装B316L,SEQ1822
SEQ,前支柱分装B316R,SEQ1823
SEQ,前支柱分装C385L,SEQ1824
SEQ,前支柱分装C385R,SEQ1825
SEQ,CA-38L,SEQ1826
SEQ,CA-38R,SEQ1827
SEQ,TA1-13L,SEQ1828
SEQ,TA1-29L,SEQ1829
SEQ,油箱分装线,SEQ1830
SEQ,FA-29L-1#,SEQ1831
SEQ,FA-29R-2#,SEQ1832
SEQ,FA-29R-3#,SEQ1833
SEQ,PT-13L-1#,SEQ1834
SEQ,PT-13L-2#,SEQ1835
SEQ,CA-31R-1#-4#,SEQ1836
SEQ,双轴液压举升机-1#-3#,SEQ1837
SEQ,FA-10L,SEQ1838
SEQ,FA-13L,SEQ1839
SEQ,FA-13R,SEQ1840
SEQ,检测一 线,SEQ1841
SEQ,调试返修区-1#-2#,SEQ1842
SEQ,TA1-12L,SEQ1843
SEQ,FA-12R,SEQ1844
SEQ,DA-13-1#-4#,SEQ1845
SEQ,TA2-31L,SEQ1846
SEQ,AGC小车-1#-7#,SEQ1847
SEQ,AGC小车-8#-14#,SEQ1848
SEQ,TA2-49L,SEQ1849
SEQ,TA1-25L,SEQ1850
SEQ,CA-33L,SEQ1851
SEQ,FA-23L,SEQ1852
SEQ,FA-23R,SEQ1853
SEQ,FA-25L,SEQ1854
SEQ,FA-25R,SEQ1855
SEQ,FA-3L,SEQ1856
SEQ,1#-17#(旧设备转为备用),SEQ1857
SEQ,1#-2#（备用）,SEQ1858
SEQ,FA-33L-1#-5#,SEQ1859
SEQ,FA-5L-1#-6#,SEQ1860
SEQ,检测线-1#-4#,SEQ1861
SEQ,FA-19L,SEQ1862
SEQ,FA-19R,SEQ1863
SEQ,FA-20L,SEQ1864
SEQ,FA-20R,SEQ1865
SEQ,PBS  UP-DOWN 1#升降机,SEQ1866
SEQ,PBS  UP-DOWN 2#升降机,SEQ1867
SEQ,PBS侧顶机-1#,SEQ1868
SEQ,PBS侧顶机-2#,SEQ1869
SEQ,PBS平台,SEQ1870
SEQ,车门线1#升降机,SEQ1871
SEQ,车门线10#升降机,SEQ1872
SEQ,车门线2#升降机,SEQ1873
SEQ,车门线3#升降机,SEQ1874
SEQ,车门线4#升降机,SEQ1875
SEQ,车门线5#升降机,SEQ1876
SEQ,车门线6#升降机,SEQ1877
SEQ,车门线7#升降机,SEQ1878
SEQ,车门线8#升降机,SEQ1879
SEQ,车门线9#升降机,SEQ1880
SEQ,1#-172#吊具,SEQ1881
SEQ,1#-153#摩擦轮,SEQ1882
SEQ,底盘线,SEQ1883
SEQ,底盘线CPC1,SEQ1884
SEQ,底盘线CPC2,SEQ1885
SEQ,抱具1#-88#,SEQ1886
SEQ,摩擦轮1#-109#,SEQ1887
SEQ,内饰线1#-72#,SEQ1888
SEQ,内饰线,SEQ1889
SEQ,内饰线滑板1#旋转台,SEQ1890
SEQ,内饰线滑板2#旋转台,SEQ1891
SEQ,内饰线滑板3#旋转台,SEQ1892
SEQ,内饰线滑板4#旋转台,SEQ1893
SEQ,内饰线1#升降机,SEQ1894
SEQ,内饰线2#升降机,SEQ1895
SEQ,内饰线3#升降机,SEQ1896
SEQ,内饰线4#升降机,SEQ1897
SEQ,内饰线5#升降机,SEQ1898
SEQ,内饰线6#升降机,SEQ1899
SEQ,前桥分装线,SEQ1900
SEQ,完成线,SEQ1901
SEQ,1#-48#吊具,SEQ1902
SEQ,仪表线1#升降机,SEQ1903
SEQ,仪表线2#升降机,SEQ1904
SEQ,仪表线3#升降机,SEQ1905
SEQ,1#-58#摩擦轮,SEQ1906
SEQ,座椅线,SEQ1907
ICC,导向轮,ICC0001
ICC,电机,ICC0002
ICC,钢丝,ICC0003
ICC,钢丝防断装置,ICC0004
ICC,钢丝轮,ICC0005
ICC,轨道,ICC0006
ICC,急停开关,ICC0007
ICC,连轴器,ICC0008
ICC,扭簧,ICC0009
ICC,气垫安全开关,ICC0010
ICC,手动链条,ICC0011
ICC,提升门本体,ICC0012
ICC,电箱,ICC0013
ICC,管路,ICC0014
ICC,进风口,ICC0015
ICC,空调内机,ICC0016
ICC,散热器,ICC0017
ICC,箱体,ICC0018
ICC,安全门,ICC0019
ICC,超速防坠装置,ICC0020
ICC,传感器,ICC0021
ICC,地面提升机,ICC0022
ICC,堆垛机供电,ICC0023
ICC,堆垛机通讯,ICC0024
ICC,垛机行走机构,ICC0025
ICC,垛机提升机构,ICC0026
ICC,垛机载货台,ICC0027
ICC,货叉,ICC0028
ICC,货架,ICC0029
ICC,控制柜,ICC0030
ICC,立柱,ICC0031
ICC,下横梁,ICC0032
ICC,载货台,ICC0033
ICC,废水池,ICC0034
ICC,废水电机/泵,ICC0035
ICC,供水管路,ICC0036
ICC,活动顶板,ICC0037
ICC,加热器,ICC0038
ICC,清水箱,ICC0039
ICC,清洗泵,ICC0040
ICC,温度计,ICC0041
ICC,循环泵,ICC0042
ICC,压力表,ICC0043
ICC,A轴,ICC0044
ICC,X轴,ICC0045
ICC,Y轴,ICC0046
ICC,Z轴,ICC0047
ICC,拆垛手,ICC0048
ICC,机械手润滑系统,ICC0049
ICC,压缩空气管路,ICC0050
ICC,自动化总控,ICC0051
ICC,安全柱,ICC0052
ICC,插销锁,ICC0053
ICC,齿条锁,ICC0054
ICC,工作台,ICC0055
ICC,横梁,ICC0056
ICC,滑块,ICC0057
ICC,冷却水系统,ICC0058
ICC,润滑油箱,ICC0059
ICC,上模夹紧器,ICC0060
ICC,底座,ICC0061
ICC,电柜,ICC0062
ICC,平衡器,ICC0063
ICC,提升门,ICC0064
ICC,液压垫,ICC0065
ICC,液压油箱,ICC0066
ICC,整线辅助系统,ICC0067
ICC,穿梭车Y轴驱动单元,ICC0068
ICC,穿梭车驱动皮带,ICC0069
ICC,穿梭小车电机,ICC0070
ICC,穿梭小车拖链,ICC0071
ICC,气阀阀组,ICC0072
ICC,真空阀,ICC0073
ICC,齿轮传动器,ICC0074
ICC,附件,ICC0075
ICC,联轴器,ICC0076
ICC,皮带传动器,ICC0077
ICC,皮带轮,ICC0078
ICC,X形支撑连杆,ICC0079
ICC,到位检测开关,ICC0080
ICC,垛料小车表面,ICC0081
ICC,联轴节,ICC0082
ICC,升降螺杆,ICC0083
ICC,伺服电机,ICC0084
ICC,坦克链,ICC0085
ICC,小车,ICC0086
ICC,小车驱动单元,ICC0087
ICC,清洗机主机,ICC0088
ICC,油箱,ICC0089
ICC,扫描仪,ICC0090
ICC,双料检测器装置,ICC0091
ICC,传动单元,ICC0092
ICC,传送单元,ICC0093
ICC,皮带刮板,ICC0094
ICC,翘边检测装置,ICC0095
ICC,伸缩单元,ICC0096
ICC,减速箱,ICC0097
ICC,皮带,ICC0098
ICC,皮带驱动电机,ICC0099
ICC,驱动链轮,ICC0100
ICC,驱动链条,ICC0101
ICC,轴,ICC0102
ICC,风管，喷冰管,ICC0103
ICC,内部管路,ICC0104
ICC,内部线路,ICC0105
ICC,插接线,ICC0106
ICC,冷却油,ICC0107
ICC,气罐,ICC0108
ICC,过滤器,ICC0109
ICC,变速箱上油池,ICC0110
ICC,变速箱下油池,ICC0111
ICC,机床本体,ICC0112
ICC,夹紧油泵油池,ICC0113
ICC,立柱润滑泵油池,ICC0114
ICC,微调蜗杆,ICC0115
ICC,摇臂导轨,ICC0116
ICC,摇臂升降机构油池,ICC0117
ICC,主轴花键,ICC0118
ICC,工作台与滑块,ICC0119
ICC,底板,ICC0120
ICC,检测开关,ICC0121
ICC,拉绳急停开关,ICC0122
ICC,料斗开闭轴,ICC0123
ICC,配电柜,ICC0124
ICC,配电柜和接线箱,ICC0125
ICC,牵引链驱动电机,ICC0126
ICC,牵引链驱动电机链条,ICC0127
ICC,支架总成,ICC0128
ICC,磁极运动导轨,ICC0129
ICC,磁性分张器框架驱动皮带,ICC0130
ICC,激光对射开关,ICC0131
ICC,框架驱动单元,ICC0132
ICC,线缆,ICC0133
ICC,齿轮箱,ICC0134
ICC,基座,ICC0135
ICC,旋转门,ICC0136
ICC,真空泵,ICC0137
ICC,辊子,ICC0138
ICC,螺栓,ICC0139
ICC,双筒过滤器,ICC0140
ICC,拖链,ICC0141
ICC,外置过滤器,ICC0142
ICC,限位开关,ICC0143
ICC,液压系统油箱,ICC0144
ICC,主油箱,ICC0145
ICC,B轴,ICC0146
ICC,U轴,ICC0147
ICC,气垫,ICC0148
ICC,机身,ICC0149
ICC,机头,ICC0150
ICC,气动三联件,ICC0151
ICC,主电机,ICC0152
ICC,焊机,ICC0153
ICC,焊枪,ICC0154
ICC,气管,ICC0155
ICC,送钉管,ICC0156
ICC,摆臂气缸（长压爪臂）,ICC0157
ICC,包边组件固定螺栓,ICC0158
ICC,变压器,ICC0159
ICC,水管,ICC0160
ICC,台面,ICC0161
ICC,铜排、辅缆,ICC0162
ICC,推进气缸,ICC0163
ICC,限位组件固定螺栓,ICC0164
ICC,液压泵,ICC0165
ICC,直线导轨,ICC0166
ICC,电气快插,ICC0167
ICC,感应开关,ICC0168
ICC,夹具轨道,ICC0169
ICC,气缸,ICC0170
ICC,拖动电机,ICC0171
ICC,拖动夹具,ICC0172
ICC,线束总成,ICC0173
ICC,旋转台,ICC0174
ICC,T型螺栓,ICC0175
ICC,安全钩,ICC0176
ICC,齿轮,ICC0177
ICC,齿轮齿条,ICC0178
ICC,单向冷却缸,ICC0179
ICC,导轨面（立柱）,ICC0180
ICC,垫板限位滚轮,ICC0181
ICC,顶升机构,ICC0182
ICC,固定螺栓,ICC0183
ICC,管路及接头,ICC0184
ICC,活塞杆,ICC0185
ICC,机体,ICC0186
ICC,夹紧到位传感器,ICC0187
ICC,夹紧块,ICC0188
ICC,夹紧松开到位传感器,ICC0189
ICC,夹模器本体,ICC0190
ICC,夹模器固定螺栓,ICC0191
ICC,夹模器前进后退到位开关,ICC0192
ICC,接头,ICC0193
ICC,接线盒,ICC0194
ICC,链条,ICC0195
ICC,滤芯,ICC0196
ICC,润滑油箱显示,ICC0197
ICC,下模夹紧器,ICC0198
ICC,限位滚轮支座螺栓,ICC0199
ICC,线缆、接头,ICC0200
ICC,压机,ICC0201
ICC,压力,ICC0202
ICC,压力表、油管及管接头,ICC0203
ICC,液压顶升器,ICC0204
ICC,液压油量,ICC0205
ICC,液压油流量表,ICC0206
ICC,液压油温度测量及报警,ICC0207
ICC,液压油压力表,ICC0208
ICC,油泵,ICC0209
ICC,油管,ICC0210
ICC,油箱转接头,ICC0211
ICC,支座螺栓,ICC0212
ICC,主缸,ICC0213
ICC,转接头,ICC0214
ICC,连接电缆,ICC0215
ICC,水气管,ICC0216
ICC,导轨轴承,ICC0217
ICC,电磁阀、脉冲阀,ICC0218
ICC,风阀,ICC0219
ICC,风机轴承、皮带、软链接,ICC0220
ICC,焊烟管道及吸尘罩,ICC0221
ICC,火花捕捉器,ICC0222
ICC,滤网,ICC0223
ICC,显示柜,ICC0224
ICC,电控柜,ICC0225
ICC,管道,ICC0226
ICC,过滤管道,ICC0227
ICC,软水机组阀门及管道,ICC0228
ICC,水泵电机轴承,ICC0229
ICC,水泵基座,ICC0230
ICC,止回阀,ICC0231
ICC,承重滚轮,ICC0232
ICC,承重轴承,ICC0233
ICC,传动导轨,ICC0234
ICC,传动轴,ICC0235
ICC,传动轴承,ICC0236
ICC,导向轴承,ICC0237
ICC,固定支架,ICC0238
ICC,滚轮,ICC0239
ICC,滚轮轴,ICC0240
ICC,缓冲器,ICC0241
ICC,轮毂,ICC0242
ICC,螺母,ICC0243
ICC,模块定位销,ICC0244
ICC,限位轴,ICC0245
ICC,小车车轮,ICC0246
ICC,小车导轨,ICC0247
ICC,支架固定螺栓,ICC0248
ICC,轴承固定块,ICC0249
ICC,焊钳,ICC0250
ICC,风机轴承,ICC0251
ICC,风口、风阀、保温层,ICC0252
ICC,显示面板,ICC0253
ICC,NC控制柜,ICC0254
ICC,本体,ICC0255
ICC,定量机,ICC0256
ICC,管线吊装,ICC0257
ICC,胶泵,ICC0258
ICC,齿轮泵,ICC0259
ICC,过滤网,ICC0260
ICC,胶管,ICC0261
ICC,流体盘,ICC0262
ICC,电池,ICC0263
ICC,各轴,ICC0264
ICC,管线包,ICC0265
ICC,行走轴,ICC0266
ICC,平衡缸,ICC0267
ICC,外观,ICC0268
ICC,焊钳本体,ICC0269
ICC,水气单元,ICC0270
ICC,修磨器,ICC0271
ICC,枪缆,ICC0272
ICC,清枪器,ICC0273
ICC,送丝机,ICC0274
ICC,换枪盘,ICC0275
ICC,换枪盘支架,ICC0276
ICC,Z轴齿轮,ICC0277
ICC,弹簧机构,ICC0278
ICC,电池仓,ICC0279
ICC,夹紧机构,ICC0280
ICC,刻字机放置台,ICC0281
ICC,刻字机控制柜,ICC0282
ICC,气管与线缆,ICC0283
ICC,锁止机构,ICC0284
ICC,胎膜,ICC0285
ICC,管线,ICC0286
ICC,送料器,ICC0287
ICC,视觉系统本体,ICC0288
ICC,视觉系统控制柜,ICC0289
ICC,Ebridge,ICC0290
ICC,抓手本体,ICC0291
ICC,电机联轴器,ICC0292
ICC,阀岛,ICC0293
ICC,滑轨,ICC0294
ICC,夹紧单元,ICC0295
ICC,刻度尺,ICC0296
ICC,控制箱,ICC0297
ICC,线束,ICC0298
ICC,压爪,ICC0299
ICC,电控装置,ICC0300
ICC,废液槽,ICC0301
ICC,驱动装置,ICC0302
ICC,托盘组件,ICC0303
ICC,托盘组件(小车),ICC0304
ICC,阻挡装置,ICC0305
ICC,EMS小车,ICC0306
ICC,升降装置,ICC0307
ICC,传动装置,ICC0308
ICC,过度辊床,ICC0309
ICC,托辊装置,ICC0310
ICC,输送装置,ICC0311
ICC,导向装置,ICC0312
ICC,滚床单元,ICC0313
ICC,检修开关,ICC0314
ICC,检修气缸,ICC0315
ICC,配重单元,ICC0316
ICC,驱动部分,ICC0317
ICC,锁紧机构,ICC0318
ICC,限位装置,ICC0319
ICC,旋转装置,ICC0320
ICC,移行装置,ICC0321
ICC,带升降装置,ICC0322
ICC,移载叉,ICC0323
ICC,保护块,ICC0324
ICC,风扇,ICC0325
ICC,机壳,ICC0326
ICC,气路,ICC0327
ICC,送丝轮,ICC0328
ICC,保险绳,ICC0329
ICC,三联件,ICC0330
ICC,穿销,ICC0331
ICC,手柄,ICC0332
ICC,压紧机构,ICC0333
ICC,操作面板,ICC0334
ICC,喉部,ICC0335
ICC,胶枪,ICC0336
ICC,压盘,ICC0337
ICC,枪头,ICC0338
ICC,开关、面板,ICC0339
ICC,螺柱焊枪,ICC0340
ICC,风机轴承、皮带、软连接,ICC0341
ICC,手柄按钮,ICC0342
ICC,启动开关,ICC0343
ICC,送气管,ICC0344
ICC,送丝滚轮,ICC0345
ICC,开关.按钮,ICC0346
ICC,铜板,ICC0347
ICC,倒库装置,ICC0348
ICC,快换装置,ICC0349
ICC,车型变换装置,ICC0350
ICC,车型识别装置,ICC0351
ICC,输送辊床装置,ICC0352
ICC,摩擦装置,ICC0353
ICC,编码尺,ICC0354
ICC,车型识别,ICC0355
ICC,进气机构,ICC0356
ICC,辊床装置,ICC0357
ICC,升降倒库装置,ICC0358
ICC,转台辅助,ICC0359
ICC,GATE推进电机曲臂导向轮、导向槽,ICC0360
ICC,GATE直线导轨,ICC0361
ICC,机器人、GATE开关,ICC0362
ICC,机器人、GATE轴承座,ICC0363
ICC,模块、阀岛,ICC0364
ICC,气缸连接杆、夹具单元连接轴,ICC0365
ICC,导向轴、字轮轴,ICC0366
ICC,刻字机,ICC0367
ICC,螺母、定位销,ICC0368
ICC,油缸,ICC0369
ICC,二类工装,ICC0370
ICC,GWA ,ICC0371
ICC,X,ICC0372
ICC,行走装置,ICC0373
ICC,抓取装置,ICC0374
ICC,润滑装置,ICC0375
ICC,直线轴承,ICC0376
ICC,超温传感器,ICC0377
ICC,电动控制阀,ICC0378
ICC,供风机,ICC0379
ICC,管道底部,ICC0380
ICC,管道底部放残口,ICC0381
ICC,恒温器,ICC0382
ICC,进气格栅式调节风门,ICC0383
ICC,空气冷却器,ICC0384
ICC,冷水管路,ICC0385
ICC,三相电动机,ICC0386
ICC,温湿度传感器,ICC0387
ICC,增湿泵,ICC0388
ICC,自动补水电磁阀,ICC0389
ICC,电动调节风阀KA163_V07/M26
KA363_V07/M26
BR105_M06/M16/M26
BR205_M06/M16/M26
KA263_V07
WT128_M06
KL140_V07,ICC0390
ICC,电机KA563_V11/V21
VP111/VP211/VL114,ICC0391
ICC,废气管道,ICC0392
ICC,风机
KA563_V11/V21
VP111/VP211/VL114,ICC0393
ICC,过滤带室体FA208/FA108,ICC0394
ICC,混合风道,ICC0395
ICC,机械风阀,ICC0396
ICC,燃气过滤器,ICC0397
ICC,燃烧控制盘,ICC0398
ICC,天然气管道,ICC0399
ICC,温度传感器 
WR506_T15/T25/T35
WT330_T05
BR105_T25/T15
BR205_T25/T15,ICC0400
ICC,转轮,ICC0401
ICC,转轮驱动马达,ICC0402
ICC,UV火焰探测器,ICC0403
ICC,风管连接处、厂房漏雨点,ICC0404
ICC,供风电动机,ICC0405
ICC,加湿喷嘴,ICC0406
ICC,燃气电磁阀,ICC0407
ICC,燃气截流阀,ICC0408
ICC,燃气压力开关,ICC0409
ICC,燃烧装置,ICC0410
ICC,天然气过滤器,ICC0411
ICC,纯水模组,ICC0412
ICC,纯水箱,ICC0413
ICC,纯水站,ICC0414
ICC,加药系统,ICC0415
ICC,精密过滤器,ICC0416
ICC,流量计,ICC0417
ICC,浓水箱,ICC0418
ICC,清洗水箱,ICC0419
ICC,石英过滤器,ICC0420
ICC,紫外线杀菌器,ICC0421
ICC,EC漆液浸洗槽和清洗区域收集槽,ICC0422
ICC,泵底槽收集槽废水泵,ICC0423
ICC,编码器,ICC0424
ICC,槽,ICC0425
ICC,超滤系统
带密封液体回路和滤液槽,ICC0426
ICC,超滤系统
浊度监控器,ICC0427
ICC,超滤系统超滤清洗泵,ICC0428
ICC,超滤系统高压直列式泵,ICC0429
ICC,超滤系统浊度监控,ICC0430
ICC,超滤再循环清洗区域1循环泵,ICC0431
ICC,超滤再循环清洗区域2/3循环泵,ICC0432
ICC,电泳加涂料合成单元,ICC0433
ICC,电泳加涂料合成单元搅拌器,ICC0434
ICC,电泳阳极管,ICC0435
ICC,排气/供风系统,ICC0436
ICC,排气/供风系统径流式风机,ICC0437
ICC,漆液电泳槽电动控制阀,ICC0438
ICC,漆液电泳槽漆液循环泵,ICC0439
ICC,漆液电泳槽热交换器,ICC0440
ICC,水洗区域1/2循环泵,ICC0441
ICC,阳极液系统电导率测量,ICC0442
ICC,阳极液系统渗析室,ICC0443
ICC,阳极液系统阳极泵,ICC0444
ICC,阳极液系统浊度监控,ICC0445
ICC,阳极液系统浊度监控器,ICC0446
ICC,阳极液系统自动阀,ICC0447
ICC,照明,ICC0448
ICC,废气炉、独立加热机,ICC0449
ICC,风机,ICC0450
ICC,火焰探测器镜头,ICC0451
ICC,检修门,ICC0452
ICC,卷帘门,ICC0453
ICC,燃烧器,ICC0454
ICC,热交换器,ICC0455
ICC,调节风阀,ICC0456
ICC,温度传感器 ,ICC0457
ICC,压差计,ICC0458
ICC,余热回收,ICC0459
ICC,余热回收热水管道,ICC0460
ICC,抽风除臭系统,ICC0461
ICC,风机房,ICC0462
ICC,加药区域,ICC0463
ICC,磷化区域,ICC0464
ICC,排气/供风系统供风机,ICC0465
ICC,生化区域,ICC0466
ICC,脱脂区域,ICC0467
ICC,污泥间,ICC0468
ICC,综合区域,ICC0469
ICC,地坑,ICC0470
ICC,电动葫芦,ICC0471
ICC,高压枪机组,ICC0472
ICC,中压枪机组,ICC0473
ICC,冷热水管路,ICC0474
ICC,杀菌装置,ICC0475
ICC,风管,ICC0476
ICC,燃烧炉,ICC0477
ICC,     水泵,ICC0478
ICC,机组,ICC0479
ICC,机组阀门,ICC0480
ICC,冷冻水管道过滤器,ICC0481
ICC,增湿泵，供风电动机,ICC0482
ICC,保护剂槽x2,ICC0483
ICC,电控系统x2,ICC0484
ICC,送料装置x2,ICC0485
ICC,送料装置区域x2,ICC0486
ICC,烟气系统x2,ICC0487
ICC,预脱水区域x2,ICC0488
ICC,主反应器x2,ICC0489
ICC,（地坑）底槽收集槽废水泵,ICC0490
ICC,表调计量袋式卸料器,ICC0491
ICC,表调加药搅拌器,ICC0492
ICC,表调加药系统搅拌器,ICC0493
ICC,带式过滤器电机,ICC0494
ICC,第二纯水洗高压泵,ICC0495
ICC,阀门,ICC0496
ICC,活化区域加药系统隔膜泵,ICC0497
ICC,活化区域加药系统搅拌器,ICC0498
ICC,活化区域循环泵,ICC0499
ICC,阶段8和13 收集槽2转移泵,ICC0500
ICC,离心泵,ICC0501
ICC,磷化除渣机,ICC0502
ICC,磷化处除渣机,ICC0503
ICC,磷化处理区密封液系统高压直列式泵,ICC0504
ICC,磷化处理区域加药系统隔膜泵,ICC0505
ICC,磷化处理区域热水泵,ICC0506
ICC,磷化处理区域酸洗槽隔膜泵,ICC0507
ICC,磷化处理区域循环泵,ICC0508
ICC,磷化热交换器,ICC0509
ICC,磷化循环泵,ICC0510
ICC,排风机,ICC0511
ICC,清洗区域1循环泵,ICC0512
ICC,清洗区域2循环泵,ICC0513
ICC,清洗区域5循环泵,ICC0514
ICC,收集槽3转移泵,ICC0515
ICC,水洗系统循环泵,ICC0516
ICC,脱脂区域带式过滤器,ICC0517
ICC,脱脂区域加药系统,ICC0518
ICC,脱脂区域加药系统隔膜泵,ICC0519
ICC,脱脂区域循环泵,ICC0520
ICC,脱脂热交换器,ICC0521
ICC,油水分离器,ICC0522
ICC,预脱脂区域/脱脂区域1和6,ICC0523
ICC,预脱脂区域循环泵,ICC0524
ICC,预脱脂热交换器,ICC0525
ICC,轴封液系统循环泵,ICC0526
ICC,风道及风口,ICC0527
ICC,鼓风机,ICC0528
ICC,进气风阀,ICC0529
ICC,冷冻水管道,ICC0530
ICC,冷冻水循环泵,ICC0531
ICC,(空白),ICC0532
ICC,抽风机,ICC0533
ICC,挡水板,ICC0534
ICC,地坑液位计,ICC0535
ICC,蝶阀,ICC0536
ICC,滤筒,ICC0537
ICC,水泵,ICC0538
ICC,循环水泵,ICC0539
ICC,循环水管道,ICC0540
ICC,压差开关,ICC0541
ICC,压力调节器,ICC0542
ICC,压缩空气隔膜泵,ICC0543
ICC,液位开关,ICC0544
ICC,电磁阀,ICC0545
ICC,气体控制阀,ICC0546
ICC,液位测量装置,ICC0547
ICC,安全光栅,ICC0548
ICC,导轨,ICC0549
ICC,电动机,ICC0550
ICC,机器人控制柜、操作柜,ICC0551
ICC,机器人外壳,ICC0552
ICC,示教器,ICC0553
ICC,视觉系统,ICC0554
ICC,涂料系统,ICC0555
ICC,线束连接,ICC0556
ICC,旋转胶枪,ICC0557
ICC,压力传感器,ICC0558
ICC,压缩空气管道,ICC0559
ICC,枪杆槽型密封圈,ICC0560
ICC,开盖机器人（面漆）,ICC0561
ICC,开门机器人（清漆）,ICC0562
ICC,开门机器人（色漆）,ICC0563
ICC,28V直流电源,ICC0564
ICC,弹簧垫片,ICC0565
ICC,喷涂机器人（面漆）,ICC0566
ICC,喷涂机器人（清漆）,ICC0567
ICC,喷涂机器人（中涂）,ICC0568
ICC,喷涂机器人上侧滑块固定螺丝,ICC0569
ICC,四五六轴,ICC0570
ICC,雾化器,ICC0571
ICC,压缩空气主管道,ICC0572
ICC,伴热带控制柜,ICC0573
ICC,机器人操作柜,ICC0574
ICC,机器人电动机,ICC0575
ICC,机器人线束连接,ICC0576
ICC,Sames雾化器,ICC0577
ICC,供胶管路,ICC0578
ICC,胶泵空气过滤器,ICC0579
ICC,胶泵气动压力调节器,ICC0580
ICC,胶泵压力调节器,ICC0581
ICC,胶主管,ICC0582
ICC,枪喷嘴,ICC0583
ICC,枪站过滤器,ICC0584
ICC,一级胶泵主过滤器,ICC0585
ICC,电动泵,ICC0586
ICC,电动泵减速机,ICC0587
ICC,电动泵减速箱,ICC0588
ICC,电动泵设备接地电阻,ICC0589
ICC,电动泵油漆组件,ICC0590
ICC,电动泵直线轴承,ICC0591
ICC,电机温度、减速机,ICC0592
ICC,管中管分支管路及阀门,ICC0593
ICC,搅拌器减速机,ICC0594
ICC,控制气路,ICC0595
ICC,气动隔膜泵,ICC0596
ICC,取漆站,ICC0597
ICC,热交换单元,ICC0598
ICC,水泵温度,ICC0599
ICC,一二次侧冷热水管道、阀门,ICC0600
ICC,一二次侧冷热水温度及压力值,ICC0601
ICC,油漆管路,ICC0602
ICC,主压缩空气过滤器,ICC0603
ICC,侧擦机,ICC0604
ICC,电位计皮带,ICC0605
ICC,顶擦机,ICC0606
ICC,空气管接头,ICC0607
ICC,离子风机,ICC0608
ICC,Rodip轨道×2,ICC0609
ICC,Rodip轨道×4,ICC0610
ICC,Rodip轨道791×48,ICC0611
ICC,Rodip链轮×8,ICC0612
ICC,Rodip链轮x36,ICC0613
ICC,Rodip链条×4,ICC0614
ICC,Rodip驱动站×2,ICC0615
ICC,Rodip驱动站×4,ICC0616
ICC,Rodip载具×92,ICC0617
ICC,Rodip载具X36,ICC0618
ICC,U型板,ICC0619
ICC,电泳载具导电杯,ICC0620
ICC,激光检测开关,ICC0621
ICC,偏心升降台×1,ICC0622
ICC,偏心升降台×4,ICC0623
ICC,张紧站,ICC0624
ICC,抱臂×4,ICC0625
ICC,垫块×2,ICC0626
ICC,顶针孔,ICC0627
ICC,顶针孔×2,ICC0628
ICC,框架×1,ICC0629
ICC,螺栓×34,ICC0630
ICC,尼龙胶块,ICC0631
ICC,数据载体×1,ICC0632
ICC,叉臂×2,ICC0633
ICC,叉臂张紧链条,ICC0634
ICC,导向块,ICC0635
ICC,光电开关X5,ICC0636
ICC,链×4,ICC0637
ICC,链条和齿轮,ICC0638
ICC,球轴承,ICC0639
ICC,驱动电机×1,ICC0640
ICC,支架 ,ICC0641
ICC,配重滚轮×12,ICC0642
ICC,导电棒,ICC0643
ICC,导电棒底座,ICC0644
ICC,底部横梁x1,ICC0645
ICC,底部纵梁x2,ICC0646
ICC,底座板X2,ICC0647
ICC,电泳载具放气口,ICC0648
ICC,堆垛支撑架×4,ICC0649
ICC,滑撬接触端面,ICC0650
ICC,框架X1,ICC0651
ICC,数据载体X1,ICC0652
ICC,锁紧机构机架×4,ICC0653
ICC,锁紧机构总成,ICC0654
ICC,锁紧机构总成×4,ICC0655
ICC,雪橇横梁,ICC0656
ICC, 轴承x8,ICC0657
ICC, 轴承法兰x8,ICC0658
ICC,齿轮齿条×8,ICC0659
ICC,传动轴×2,ICC0660
ICC,导轨X8,ICC0661
ICC,滑轨×4,ICC0662
ICC,机架螺栓,ICC0663
ICC,接近开关×32,ICC0664
ICC,聚氨酯垫块×32,ICC0665
ICC,驱动电机×4,ICC0666
ICC,齿带轮,ICC0667
ICC,齿带轮×5,ICC0668
ICC,齿形带,ICC0669
ICC,高温区传动链条,ICC0670
ICC,滚床表面,ICC0671
ICC,机架，螺栓,ICC0672
ICC,接近开关,ICC0673
ICC,驱动电机,ICC0674
ICC,用于常温区域的悬挂滚轮,ICC0675
ICC,用于潮湿区域的悬挂滚轮,ICC0676
ICC,用于潮湿区域的悬挂滚轮×5,ICC0677
ICC,用于高温区域的滚床,ICC0678
ICC,感应器,ICC0679
ICC,滑轮驱动装置×1,ICC0680
ICC,缓冲器×2,ICC0681
ICC,能量导向装置链,ICC0682
ICC,万向轴×2,ICC0683
ICC,承重轮X4/导向轮×4,ICC0684
ICC,法兰轴承×4,ICC0685
ICC,滑轮×8,ICC0686
ICC,胶链线槽,ICC0687
ICC,扫码头,ICC0688
ICC,塑料链条×2,ICC0689
ICC,链导轨×2,ICC0690
ICC,链条驱动装置×1,ICC0691
ICC,链条驱动装置×2,ICC0692
ICC,张紧链轮×2,ICC0693
ICC,轴承法兰×4,ICC0694
ICC,主动轮X2/从动轮×2,ICC0695
ICC, 喷房、闪干链条CC,ICC0696
ICC,导轨×2,ICC0697
ICC,高温托轮,ICC0698
ICC,烘炉链条×2,ICC0699
ICC,烘炉链条×4,ICC0700
ICC,机架X2,ICC0701
ICC,链条导向装置×2,ICC0702
ICC,链条托轮,ICC0703
ICC,配重×2,ICC0704
ICC,喷房链条,ICC0705
ICC,喷房链条×12,ICC0706
ICC,驱动站主动轮2/从动链轮×2,ICC0707
ICC,闪干房链条,ICC0708
ICC,托架,ICC0709
ICC,万向轴×1,ICC0710
ICC,限位开关×2,ICC0711
ICC,张紧站×2,ICC0712
ICC,轴承座2/限位顶丝×2,ICC0713
ICC,光栅×2,ICC0714
ICC,光障×1,ICC0715
ICC,机架×1,ICC0716
ICC,接近开关×12,ICC0717
ICC,皮带×3,ICC0718
ICC,驱动电机×3,ICC0719
ICC,液压缸,ICC0720
ICC,液压油,ICC0721
ICC,张紧套×4,ICC0722
ICC,轴承座×4,ICC0723
ICC,  纵向夹紧联轴节×4,ICC0724
ICC,衬套×4,ICC0725
ICC,定位装置×1,ICC0726
ICC,定位装置×2,ICC0727
ICC,滑轨×16,ICC0728
ICC,滑块×16,ICC0729
ICC,机架×8,ICC0730
ICC,链轮链条×4,ICC0731
ICC,链轮链条×8,ICC0732
ICC,链轮链条X8,ICC0733
ICC,气缸×8,ICC0734
ICC,气压部件×2,ICC0735
ICC,气压部件×4,ICC0736
ICC,汽缸×8,ICC0737
ICC,球轴承×16,ICC0738
ICC,驱动电机×10,ICC0739
ICC,电机×1,ICC0740
ICC,开关X1,ICC0741
ICC,摩擦驱动轮×1,ICC0742
ICC,摩擦张紧轮×1,ICC0743
ICC,托轮X5,ICC0744
ICC,无动力传动滚轮×1,ICC0745
ICC,张紧装置×1,ICC0746
ICC,车身支撑座×4,ICC0747
ICC,车身支撑座支架×4,ICC0748
ICC,底部横梁×4,ICC0749
ICC,底部纵梁×2,ICC0750
ICC,底座板×2,ICC0751
ICC,滑橇号牌×1,ICC0752
ICC,数据载体保护罩×1,ICC0753
ICC,FX锁紧机构×1,ICC0754
ICC,衬套×2,ICC0755
ICC,齿式联轴节×2,ICC0756
ICC,齿式联轴节X2,ICC0757
ICC,轨道×10 ,ICC0758
ICC,滚床皮带组件维护,ICC0759
ICC,滚筒,ICC0760
ICC,滚筒×1,ICC0761
ICC,行走轮×8,ICC0762
ICC,滑车皮带组件维护×4,ICC0763
ICC,皮带×2,ICC0764
ICC,驱动电机×2,ICC0765
ICC,维护杆×1,ICC0766
ICC,限位开关×3,ICC0767
ICC,张紧弹簧片,ICC0768
ICC,轴承座×2,ICC0769
ICC,纵向夹紧联轴节×2,ICC0770
ICC,定位机构,ICC0771
ICC,安装螺栓,ICC0772
ICC,齿带×2,ICC0773
ICC,齿带轮×3,ICC0774
ICC,齿带轮X3,ICC0775
ICC,导向滚轮×2,ICC0776
ICC,滑轨X4,ICC0777
ICC,机架X1,ICC0778
ICC,接近开关×4,ICC0779
ICC,驱动连杆×2,ICC0780
ICC,驱动连杆×4,ICC0781
ICC,托架轴承×4,ICC0782
ICC,轴承座X4,ICC0783
ICC,CC(主控柜)电气元件,ICC0784
ICC,CC(主控柜)显示器×1,ICC0785
ICC,CD（配电柜）操作屏×1,ICC0786
ICC,CD（配电柜）电气元件,ICC0787
ICC,DC（操作台）电气元件,ICC0788
ICC,DP（分散柜）电气元件,ICC0789
ICC,车间网线接头,ICC0790
ICC,接地线、跨接线,ICC0791
ICC,坦克链接头,ICC0792
ICC,法兰轴承×2,ICC0793
ICC,轨道维护×2,ICC0794
ICC,滑轮×4,ICC0795
ICC,接近开关×3,ICC0796
ICC,旋转中心轴×1,ICC0797
ICC,轴承座,ICC0798
ICC,LEL浓度在线监测,ICC0799
ICC,VOC系统防火风阀（混合风道）,ICC0800
ICC,VOC系统废气风机,ICC0801
ICC,VOC系统焚烧炉(TNV),ICC0802
ICC,VOC系统解附风机,ICC0803
ICC,VOC系统控制柜,ICC0804
ICC,VOC系统冷却风机,ICC0805
ICC,VOC系统气动执行机构及所有主空气软管,ICC0806
ICC,VOC系统压差表,ICC0807
ICC,VOC系统余热系统,ICC0808
ICC,VOC系统执行机构（包含混合风道的4个）,ICC0809
ICC,VOC系统转轮,ICC0810
ICC,VOC系统转轮排风机,ICC0811
ICC,控制室家用柜机空调,ICC0812
ICC,热水泵,ICC0813
ICC,纯水站泵,ICC0814
ICC,纯水站纯水膜,ICC0815
ICC,纯水站紫外线消毒器,ICC0816
ICC,送排风机,ICC0817
ICC,导绳器及其他全装置,ICC0818
ICC,电缆,ICC0819
ICC,吊钩装置,ICC0820
ICC,钢丝绳,ICC0821
ICC,限位器装置,ICC0822
ICC,运行轨道,ICC0823
ICC,制动器,ICC0824
ICC,UF1喷洗泵,ICC0825
ICC,UF2浸洗泵,ICC0826
ICC,UF3喷洗泵,ICC0827
ICC,UF液转移泵,ICC0828
ICC,第三纯水洗喷淋泵,ICC0829
ICC,第四纯水浸洗喷淋泵,ICC0830
ICC,电泳残液转移泵,ICC0831
ICC,电泳超滤泵,ICC0832
ICC,电泳段排风机,ICC0833
ICC,电泳段送风机,ICC0834
ICC,电泳换热器1,ICC0835
ICC,电泳换热器2,ICC0836
ICC,电泳热交换泵,ICC0837
ICC,电泳循环泵,ICC0838
ICC,电泳轴封泵,ICC0839
ICC,极液循环泵,ICC0840
ICC,颜料/树脂原料补加隔膜泵,ICC0841
ICC,颜料原料/树脂补加隔膜泵,ICC0842
ICC,电泳烘控制柜,ICC0843
ICC,电泳烘炉独立加热燃烧机,ICC0844
ICC,电泳烘炉废气风机,ICC0845
ICC,电泳烘炉焚烧炉(TNV),ICC0846
ICC,电泳烘炉高温风机,ICC0847
ICC,电泳烘炉排烟出口,ICC0848
ICC,电泳烘炉强冷风机,ICC0849
ICC,电泳烘炉强冷系统,ICC0850
ICC,电泳烘炉新风风机,ICC0851
ICC,电泳烘炉新鲜风机,ICC0852
ICC,电泳烘炉余热系统,ICC0853
ICC,电泳烘炉执行机构,ICC0854
ICC,独立加热燃烧机鼓风机,ICC0855
ICC,换热室体,ICC0856
ICC,检修门密封条,ICC0857
ICC,【2JXAP1、2KX1、IT备用间、二层应急照明2APE1、二层机运JYAP、二层建安2ZMAP1、机器人RBAP、烘炉h1AP、TNAP（1、2线鸵鸟毛）、2gwAP】配电柜,ICC0858
ICC,【2KTAP二层办公室空调、1fjAP1文丘里风机、排烟风机1AT2、1AT3、1AT4、一层应急照明1APE1、集中供漆系统tqAT2、KYAT空压站、TQAT3调漆间排风机、一层1gwAP、一层建安照明1ZMAP1、高压清洗机1、高压清洗机2、洗衣机房、一层检修1JXAP1、1FFAP、潜水泵PWAP、AP03(滑撬清洗间、工装清洗间、高压泵房送排风机)】配电柜,ICC0859
ICC,【前处理qclAP、电泳DYAT、zlAT2制冷站、zlAT1(制冷机)】配电柜             【照明干线3ZMAP1,三层检修3JXAP1、三层应急照明3APE1、dtAT电梯】配电柜,ICC0860
ICC,消声器,ICC0861
ICC,1台调漆间排风控制柜、1台底涂/裙边胶控制柜、1台检查精修排风控制柜、1台洁净间排风控制柜、2台擦净间排风控制柜,ICC0862
ICC,1台调漆间排风控制柜、1台底涂/裙边胶控制柜、1台检查精修排风控制柜、1台洁净间排风控制柜、2台擦净间排风控制柜、1台文丘里排风控制箱,ICC0863
ICC,2台底涂、1台裙边胶、2台注蜡、1台精修抛光、2台小修、1台大返修、2台擦净室、2台洁净间、1台电泳打磨、1台漆渣处理间、2台调漆间、2台文丘里排风机风机和2台鸵鸟毛循环风机,ICC0864
ICC,2台底涂、1台裙边胶、2台注蜡、1台精修抛光、2台小修、1台大返修、2台擦净室、2台洁净间、1台电泳打磨、1台漆渣处理间排风机和2台鸵鸟毛循环风机,ICC0865
ICC,2台底涂、1台裙边胶、2台注蜡、1台精修抛光、2台小修、1台大返修排风机,ICC0866
ICC,调漆间排风机（PT5、PT4）,ICC0867
ICC,文丘里排风机,ICC0868
ICC,二级泵喉部,ICC0869
ICC,二级泵马达,ICC0870
ICC,空打保护器,ICC0871
ICC,控制柜、模组,ICC0872
ICC,流体入口钢球,ICC0873
ICC,盲端,ICC0874
ICC,气控阀门及开关,ICC0875
ICC,一级泵马达,ICC0876
ICC,一级过滤器,ICC0877
ICC,一级过滤器进出口压力表,ICC0878
ICC,一级胶泵立柱,ICC0879
ICC,一级胶泵下泵体,ICC0880
ICC,红警过滤器,ICC0881
ICC,2KE,ICC0882
ICC,PIG系统,ICC0883
ICC,管中管,ICC0884
ICC,减速机,ICC0885
ICC,控制柜、PIG控制柜,ICC0886
ICC,目视化标识,ICC0887
ICC,取漆站（面漆1线）,ICC0888
ICC,取漆站（面漆2线）,ICC0889
ICC,调漆室设备,ICC0890
ICC,调漆室设备接地线,ICC0891
ICC,凸轮,ICC0892
ICC,下主轴轴承,ICC0893
ICC,柱塞,ICC0894
ICC,变频器,ICC0895
ICC,表冷系统(KT1-KT18),ICC0896
ICC,风机（KS1/KS2/KS3),ICC0897
ICC,风机(KT1/2/3/4/5/6/7/8/9/10/11/12/13/14/15/16/17/18+KS1/2/3),ICC0898
ICC,风机(KT1/3/4/5/6/7/9/10/11/12/13/16/17),ICC0899
ICC,风机（KT14）,ICC0900
ICC,风机（KT2/8/15/18),ICC0901
ICC,加湿泵,ICC0902
ICC,加湿系统(KT1/3/5/7/9/11/13/14/15/16/KS1/KS2/KS3),ICC0903
ICC,空调防火风阀,ICC0904
ICC,控制柜（21台空调主控柜和14台空调燃烧机控制柜）,ICC0905
ICC,冷冻水阀组和热水阀组,ICC0906
ICC,燃烧机(KT1/3/5/7/9/11/13/15/16/17/18/KS1/KS2/KS3),ICC0907
ICC,新风空调(KT1/3/5/7/9/11/13/14),ICC0908
ICC,过滤器（除油、水）,ICC0909
ICC,空滤芯,ICC0910
ICC,空气过滤器滤芯,ICC0911
ICC,压缩机冷却系统,ICC0912
ICC,油滤芯,ICC0913
ICC,6台高温风机、1台新风风机、1台废气风机、4台强冷风机、3台燃烧机鼓风机,ICC0914
ICC,6台高温风机、1台新鲜风机和4台强冷风机,ICC0915
ICC,TNV,ICC0916
ICC,TNV和独立燃烧机天然气管道,ICC0917
ICC,独立加热燃烧机,ICC0918
ICC,废气风机,ICC0919
ICC,焚烧炉、独立加热,ICC0920
ICC,高温风机,ICC0921
ICC,密封胶烘炉1个强冷系统,ICC0922
ICC,密封胶烘炉独立加热燃烧机,ICC0923
ICC,排烟出口,ICC0924
ICC,强冷风机,ICC0925
ICC,新风风机,ICC0926
ICC,新鲜风机、废气风机,ICC0927
ICC,余热系统,ICC0928
ICC,执行机构,ICC0929
ICC,6台高温风机、1台新风风机、1台废气风机、2台强冷风机、3台燃烧机鼓风机,ICC0930
ICC,6台高温风机、1台新鲜风机和2台强冷风机,ICC0931
ICC,TNV系统,ICC0932
ICC,面漆二线烘炉独立加热燃烧机,ICC0933
ICC,面漆二线烘炉强冷系统,ICC0934
ICC,1个焚烧炉、2个独立加热,ICC0935
ICC,面漆一线烘炉独立加热燃烧机,ICC0936
ICC,面漆一线烘炉强冷系统,ICC0937
ICC,喷房排风机,ICC0938
ICC,色漆、清漆喷房排风机,ICC0939
ICC,（洪流、预脱脂、脱脂）磁辊过滤器,ICC0940
ICC,（洪流、预脱脂、脱脂）磁性过滤器,ICC0941
ICC,UF水洗排风机,ICC0942
ICC,表面调整泵,ICC0943
ICC,表调剂补加隔膜泵,ICC0944
ICC,表调搅拌器,ICC0945
ICC,第二纯水洗喷淋泵,ICC0946
ICC,第二水洗喷淋泵,ICC0947
ICC,第三水洗喷淋泵,ICC0948
ICC,第四水洗喷淋泵,ICC0949
ICC,第一纯水洗喷淋泵,ICC0950
ICC,第一水洗喷淋泵,ICC0951
ICC,电泳颜料搅拌器,ICC0952
ICC,防尘段送风机,ICC0953
ICC,高压喷淋泵（大立式泵）,ICC0954
ICC,高压喷淋泵（小立式泵）,ICC0955
ICC,洪流板式换热器,ICC0956
ICC,洪流清洗加热泵,ICC0957
ICC,洪流清洗喷射泵,ICC0958
ICC,碱计量泵,ICC0959
ICC,磷化板框压滤机,ICC0960
ICC,磷化板式换热器1,ICC0961
ICC,磷化板式换热器2,ICC0962
ICC,磷化表面流泵,ICC0963
ICC,磷化残液转移泵,ICC0964
ICC,磷化除渣泵,ICC0965
ICC,磷化促进剂计量泵,ICC0966
ICC,磷化段排风机,ICC0967
ICC,磷化段送风机,ICC0968
ICC,磷化剂补加隔膜泵,ICC0969
ICC,磷化加热泵,ICC0970
ICC,磷化轴封泵,ICC0971
ICC,磷化主剂计量泵,ICC0972
ICC,前处理入口排风机,ICC0973
ICC,热交换器自动阀,ICC0974
ICC,酸溶剂补加隔膜泵,ICC0975
ICC,脱脂A剂补加隔膜泵,ICC0976
ICC,脱脂B剂补加隔膜泵,ICC0977
ICC,脱脂板式换热器,ICC0978
ICC,脱脂残液转移泵,ICC0979
ICC,脱脂除渣泵,ICC0980
ICC,脱脂段排风机,ICC0981
ICC,脱脂搅拌器,ICC0982
ICC,脱脂喷射泵,ICC0983
ICC,脱脂悬液分离器,ICC0984
ICC,脱脂循环泵,ICC0985
ICC,硝酸补加隔膜泵,ICC0986
ICC,预脱脂板式换热器,ICC0987
ICC,预脱脂加热泵,ICC0988
ICC,预脱脂喷射泵,ICC0989
ICC,预脱脂悬液分离器,ICC0990
ICC,2台高温风机、1台新鲜风机和1台废气风机、1台强冷风机,ICC0991
ICC,独立燃烧机天然气管道,ICC0992
ICC,二线色漆闪干1个强冷系统和1个新风除湿系统,ICC0993
ICC,二线色漆闪干独立加热燃烧机,ICC0994
ICC,色漆一线闪干独立加热燃烧机,ICC0995
ICC,一线色漆闪干1个强冷系统和1个新风除湿系统,ICC0996
ICC,除渣泵,ICC0997
ICC,大烟囱底部抽水泵,ICC0998
ICC,地下风道地坑抽水泵,ICC0999
ICC,地下风道地坑液位计,ICC1000
ICC,刮渣机,ICC1001
ICC,循环槽,ICC1002
ICC,冷却水塔（1台）冷冻水补水箱（1个）及附属设备,ICC1003
ICC,制冷机维护,ICC1004
ICC,制冷站定压补水管路,ICC1005
ICC,制冷站冷冻水泵,ICC1006
ICC,制冷站冷冻水管道,ICC1007
ICC,制冷站冷却水泵,ICC1008
ICC,制冷站冷却水管道,ICC1009
ICC,制冷站冷却塔水槽，冷冻水补水箱,ICC1010
ICC,二线中涂闪干强冷系统和新风除湿系统,ICC1011
ICC,中涂二线闪干独立加热燃烧机,ICC1012
ICC,一线中涂闪干强冷系统和新风除湿系统,ICC1013
ICC,中涂一线闪干独立加热燃烧机,ICC1014
ICC,机器人操作柜、机器人控制柜,ICC1015
ICC,VMT,ICC1016
ICC,供胶系统,ICC1017
ICC,机器人,ICC1018
ICC,机器人行走轴（7轴）,ICC1019
ICC,空气增压器,ICC1020
ICC,EX600,ICC1021
ICC,安全装置,ICC1022
ICC,高压,ICC1023
ICC,高压包,ICC1024
ICC,工件到位开关,ICC1025
ICC,供漆、溶剂装置,ICC1026
ICC,供气装置,ICC1027
ICC,气动柜,ICC1028
ICC,清洗机,ICC1029
ICC,手臂,ICC1030
ICC,双链跟踪编码器,ICC1031
ICC,AOPR,ICC1032
ICC,齿轮泵减速机与电机连接,ICC1033
ICC,齿轮部位,ICC1034
ICC,电气控制柜,ICC1035
ICC,飞溅盘,ICC1036
ICC,高压发生器,ICC1037
ICC,光纤接头,ICC1038
ICC,混合模块,ICC1039
ICC,机器人（漆路、气路）管路,ICC1040
ICC,机器人本体,ICC1041
ICC,机器人废液管,ICC1042
ICC,开关,ICC1043
ICC,喷涂用配管,ICC1044
ICC,喷涂用配线/低压电缆外观,ICC1045
ICC,雾化器法兰连接处,ICC1046
ICC,雾化器内部阀门,ICC1047
ICC,中间继电器,ICC1048
ICC,钟型旋杯,ICC1049
ICC,电极针,ICC1050
ICC,高压针,ICC1051
ICC,喷涂一线、二线鸵鸟毛擦净机,ICC1052
ICC,喷涂二线鸵鸟毛擦净机,ICC1053
ICC,喷涂一线鸵鸟毛擦净机,ICC1054
ICC,传动组件,ICC1055
ICC,滚床,ICC1056
ICC,驱动组件,ICC1057
ICC,光电开关,ICC1058
ICC,链式推车机,ICC1059
ICC,驱动组件、链式推车机,ICC1060
ICC,摆杆入口滚床,ICC1061
ICC,滚床辊轴 ,ICC1062
ICC,支架,ICC1063
ICC,导向轮组件、夹紧机构,ICC1064
ICC,滚筒轴,ICC1065
ICC,机架,ICC1066
ICC,配重滚轮,ICC1067
ICC,皮带夹板,ICC1068
ICC,升降机,ICC1069
ICC,摩擦轮组,ICC1070
ICC,驱动组件、顶升部分,ICC1071
ICC,升降架及配重,ICC1072
ICC,摆杆杆体,ICC1073
ICC,轨道及支架,ICC1074
ICC,加油机,ICC1075
ICC,车身支撑座,ICC1076
ICC,车身支撑座支架,ICC1077
ICC,底部横梁,ICC1078
ICC,底部纵梁,ICC1079
ICC,底座板,ICC1080
ICC,堆垛支撑架,ICC1081
ICC,滑橇号牌,ICC1082
ICC,滑橇组件,ICC1083
ICC,框架,ICC1084
ICC,数据载体,ICC1085
ICC,数据载体保护罩,ICC1086
ICC,锁紧机构机架,ICC1087
ICC,承重轨、链条轨道,ICC1088
ICC,剪式升降机构,ICC1089
ICC,升降滚床,ICC1090
ICC,齿带,ICC1091
ICC,导向滚轮,ICC1092
ICC,驱动连杆,ICC1093
ICC,托架轴承,ICC1094
ICC,光轮,ICC1095
ICC,轨道组件及紧固件,ICC1096
ICC,驱动组件、张紧段,ICC1097
ICC,主动链轮、从动链轮,ICC1098
ICC,锁紧销、定位销,ICC1099
ICC,旋转臂,ICC1100
ICC,旋转臂螺栓、支撑臂,ICC1101
ICC,轨道组件、紧固件,ICC1102
ICC,链导轨,ICC1103
ICC,链条驱动装置,ICC1104
ICC,塑料链条,ICC1105
ICC,万向轴,ICC1106
ICC,张紧链轮,ICC1107
ICC,轴承法兰,ICC1108
ICC,主动轮/从动轮,ICC1109
ICC,摩擦轮、电机、轨道,ICC1110
ICC,升降驱动组件,ICC1111
ICC,偏转滚床,ICC1112
ICC,传动组件、顶升装置,ICC1113
ICC,连接螺栓,ICC1114
ICC,高压油管、液压油管,ICC1115
ICC,液压驱动组件,ICC1116
ICC,承重轮X4/导向轮,ICC1117
ICC,法兰轴承,ICC1118
ICC,轨道支承螺栓，轨道,ICC1119
ICC,滑轮,ICC1120
ICC,滑轮驱动装置,ICC1121
ICC,辅助升降台,ICC1122
ICC,移载机,ICC1123
ICC,支架及紧固件,ICC1124
ICC,TNV风机,ICC1125
ICC,VOC废气炉,ICC1126
ICC,解附风机,ICC1127
ICC,冷却风机,ICC1128
ICC,转轮设备,ICC1129
ICC,独立加热,ICC1130
ICC,独立加热/对流嵌入式耐高温风机,ICC1131
ICC,废气炉,ICC1132
ICC,废气炉、独立加热,ICC1133
ICC,废气炉抽风机,ICC1134
ICC,高温循环风机,ICC1135
ICC,管道加热,ICC1136
ICC,强冷室,ICC1137
ICC,新鲜空气送风风机,ICC1138
ICC,执行器,ICC1139
ICC,Y型过滤器,ICC1140
ICC,电磁气动阀,ICC1141
ICC,备用空压机,ICC1142
ICC,冲洗房送/排风机,ICC1143
ICC,文丘里及调输漆排风,ICC1144
ICC,制冷机组,ICC1145
ICC,制冷站,ICC1146
ICC,烤灯灯罩,ICC1147
ICC,液压杆,ICC1148
ICC,表冷系统,ICC1149
ICC,出口风阀,ICC1150
ICC,风机KT-1,3，7，12至17,ICC1151
ICC,风机KT-2,4，6，8，10,ICC1152
ICC,风机KT-5,9,ICC1153
ICC,加湿水槽,ICC1154
ICC,燃烧机,ICC1155
ICC,新风空调,ICC1156
ICC,二楼机运,ICC1157
ICC,烘炉系统,ICC1158
ICC,空调排风、文丘里及离子风,ICC1159
ICC,空调送风,ICC1160
ICC,前处理、电泳、输漆胶系统及公用设备,ICC1161
ICC,一楼机运,ICC1162
ICC,喷房排风（新风机,ICC1163
ICC,喷房排风,ICC1164
ICC,喷房排风（旧风机）,ICC1165
ICC,文丘里,ICC1166
ICC,磁性过滤器,ICC1167
ICC,高压喷淋泵,ICC1168
ICC,前处理电泳,ICC1169
ICC,保温段独立加热燃烧器,ICC1170
ICC,保温段送风风机,ICC1171
ICC,高温风机、新鲜风机,ICC1172
ICC,高温风机、新鲜风机、气封段风机、废气风机、强冷风机,ICC1173
ICC,排废气风机,ICC1174
ICC,强冷排风风机,ICC1175
ICC,强冷送风风机,ICC1176
ICC,强冷系统,ICC1177
ICC,热交换器室体,ICC1178
ICC,升温段独立加热燃烧器,ICC1179
ICC,升温段送风风机,ICC1180
ICC,高温风机、新鲜风机、气封段风废气风机、强冷风机,ICC1181
ICC,强冷系统和新风除湿系统,ICC1182
ICC,密封胶PVC,ICC1183
ICC,涂料罐搅拌器,ICC1184
ICC,液压站,ICC1185
ICC,注蜡系统,ICC1186
ICC,P20手臂,ICC1187
ICC,P250手臂,ICC1188
ICC,P25手臂,ICC1189
ICC,定量系统,ICC1190
ICC,换色系统,ICC1191
ICC,控制系统,ICC1192
ICC,桥架,ICC1193
ICC,双链,ICC1194
ICC,增压泵,ICC1195
ICC,Peliter,ICC1196
ICC,波纹管及卡扣,ICC1197
ICC,电缆桥架,ICC1198
ICC,定量缸,ICC1199
ICC,定量缸出口高压软管检查,ICC1200
ICC,定量缸润滑,ICC1201
ICC,动力及通讯电缆,ICC1202
ICC,更换SMB电池,ICC1203
ICC,供气系统,ICC1204
ICC,机器人各轴润滑,ICC1205
ICC,机器人各轴运动状态,ICC1206
ICC,检查机器人底座及各部分紧固螺栓。,ICC1207
ICC,检查机器人坦克链油包,ICC1208
ICC,料腔丝杠,ICC1209
ICC,密封圈无损坏,ICC1210
ICC,枪嘴,ICC1211
ICC,电机柜,ICC1212
ICC,换色阀组,ICC1213
ICC,机械手,ICC1214
ICC,快速换色油漆泵,ICC1215
ICC,离子风,ICC1216
ICC,离子风刀,ICC1217
ICC,电泳滑撬,ICC1218
ICC,机头/机尾总成,ICC1219
ICC,中间段,ICC1220
ICC,摆杆入口滚床、烘炉入口滚床等（含滚轮总成的）,ICC1221
ICC,胶轮辊轴,ICC1222
ICC,链式滚床（中、面涂烘炉入口，HSJ_4、6）,ICC1223
ICC,喷房流平室外伸轴滚床,ICC1224
ICC,轴承,ICC1225
ICC,安全隔离栅,ICC1226
ICC,轨道装置,ICC1227
ICC,输送链,ICC1228
ICC,张紧装置,ICC1229
ICC,摆臂装置,ICC1230
ICC,夹紧定位装置,ICC1231
ICC,液压泵站,ICC1232
ICC,气动元件,ICC1233
ICC,锁紧/解锁机构,ICC1234
ICC,积放带轨道,ICC1235
ICC,积放带皮带,ICC1236
ICC,锟轮,ICC1237
ICC,主、从动装置,ICC1238
ICC,垫块,ICC1239
ICC,顶升气缸,ICC1240
ICC,移行链条,ICC1241
ICC,面漆滑撬,ICC1242
ICC,提升装置,ICC1243
ICC,输送链装置,ICC1244
ICC,带座轴承,ICC1245
ICC,推进链,ICC1246
ICC,推进链PIB_1,ICC1247
ICC,阻挡器,ICC1248
ICC,旋转滚床,ICC1249
ICC,旋转相关部件,ICC1250
ICC,移行机,ICC1251
ICC,电器接线,ICC1252
ICC,行走轮,ICC1253
ICC,升降杆,ICC1254
ICC,小车内部,ICC1255
ICC,升降托盘机构,ICC1256
ICC,等电位探针,ICC1257
ICC,检测电线夹,ICC1258
ICC,检测枪头,ICC1259
ICC,检测线缆,ICC1260
ICC,线缆滑轨的固定螺栓,ICC1261
ICC,辊道、移栽,ICC1262
ICC,控制机柜,ICC1263
ICC,皮带机,ICC1264
ICC,刹车,ICC1265
ICC,行走小车,ICC1266
ICC,活动关节,ICC1267
ICC,机械手本体,ICC1268
ICC,夹紧胀套,ICC1269
ICC,电气柜,ICC1270
ICC,工控机,ICC1271
ICC,输送系统,ICC1272
ICC,PC机系统,ICC1273
ICC,泵体,ICC1274
ICC,阀体,ICC1275
ICC,侧滑台,ICC1276
ICC,充气平台,ICC1277
ICC,充气头,ICC1278
ICC,大气罐,ICC1279
ICC,对中工位,ICC1280
ICC,控制装置,ICC1281
ICC,气动板,ICC1282
ICC,输送辊道,ICC1283
ICC,油路,ICC1284
ICC,充电机,ICC1285
ICC,电气系统,ICC1286
ICC,舵轮驱动系统,ICC1287
ICC,夹紧滑台定位系统,ICC1288
ICC,举升负载系统,ICC1289
ICC,托盘,ICC1290
ICC,系统柜,ICC1291
ICC,整机,ICC1292
ICC,挂钩,ICC1293
ICC,行走电机,ICC1294
ICC,升降电机,ICC1295
ICC,防撞开关,ICC1296
ICC,加紧泵换向阀,ICC1297
ICC,加注枪,ICC1298
ICC,夹紧泵,ICC1299
ICC,截止阀,ICC1300
ICC,拉拽开关,ICC1301
ICC,冷媒补液泵,ICC1302
ICC,冷媒加注枪,ICC1303
ICC,冷媒蓄能器,ICC1304
ICC,内部电路接线,ICC1305
ICC,气压及液压管路,ICC1306
ICC,气源组件,ICC1307
ICC,枪架气缸,ICC1308
ICC,液体过滤器,ICC1309
ICC,移动单元,ICC1310
ICC,移动单元-升降单元,ICC1311
ICC,移动单元-旋转单元,ICC1312
ICC,移动小车,ICC1313
ICC,真空传感器,ICC1314
ICC,制动液齿轮加注泵,ICC1315
ICC,制动液加注枪,ICC1316
ICC,制动液加注溢流阀,ICC1317
ICC,阀导,ICC1318
ICC,气动补液泵,ICC1319
ICC,气动阀,ICC1320
ICC,蓄能器,ICC1321
ICC,PC机,ICC1322
ICC,Tooling,ICC1323
ICC,对中抱臂链条,ICC1324
ICC,升降平台,ICC1325
ICC,外框架,ICC1326
ICC,测功机,ICC1327
ICC,气体分析总成,ICC1328
ICC,车身内部,ICC1329
ICC,服务器柜,ICC1330
ICC,供电系统,ICC1331
ICC,接线,ICC1332
ICC,幕帘,ICC1333
ICC,送风系统,ICC1334
ICC,对中识别夹具,ICC1335
ICC,翻转机,ICC1336
ICC,机器人抓手,ICC1337
ICC,降级输送台,ICC1338
ICC,胶泵系统,ICC1339
ICC,升降旋转台,ICC1340
ICC,涂胶支架,ICC1341
ICC,轨道，行走小车,ICC1342
ICC,机械臂,ICC1343
ICC,机械臂关节,ICC1344
ICC,拧紧枪,ICC1345
ICC,光学系统,ICC1346
ICC,柜体,ICC1347
ICC,切纸机构,ICC1348
ICC,送纸机构,ICC1349
ICC,吸尘系统,ICC1350
ICC,ACC标定板,ICC1351
ICC,LCDA标定靶,ICC1352
ICC,LDW标定板,ICC1353
ICC,对中单元,ICC1354
ICC,驾驶辅助电气柜,ICC1355
ICC,轮眉激光头单元,ICC1356
ICC,吸波墙,ICC1357
ICC,轴距单元,ICC1358
ICC,LED显示屏,ICC1359
ICC,辊道,ICC1360
ICC,输送皮带,ICC1361
ICC,移栽装置,ICC1362
ICC,轮毂搬运机,ICC1363
ICC,轮毂照相,ICC1364
ICC,轮胎、轮毂上线辊道,ICC1365
ICC,轮胎对中,ICC1366
ICC,轮胎润滑,ICC1367
ICC,轮胎照相,ICC1368
ICC,气动板(2个),ICC1369
ICC,PBS电气柜,ICC1370
ICC,横向气缸,ICC1371
ICC,扭矩枪,ICC1372
ICC,升降系统,ICC1373
ICC,随行系统,ICC1374
ICC,翻转修正工位（两台）,ICC1375
ICC,气动板（两块）,ICC1376
ICC,修正工位（两台）,ICC1377
ICC,修正平台（两台）,ICC1378
ICC,夹具,ICC1379
ICC,匹配工位,ICC1380
ICC,主轴,ICC1381
ICC,随行机构,ICC1382
ICC,随行驱动,ICC1383
ICC,机油泵系统,ICC1384
ICC,加注枪部件及管路,ICC1385
ICC,设备本体,ICC1386
ICC,对中机构,ICC1387
ICC,翻转机构,ICC1388
ICC,输送带,ICC1389
ICC,助力上料,ICC1390
ICC,防冻液加注溢流阀,ICC1391
ICC,隔膜泵气路调压阀,ICC1392
ICC,行走轮总成,ICC1393
ICC,加注管路过滤器,ICC1394
ICC,加注机回吸管路,ICC1395
ICC,气动隔膜补液泵,ICC1396
ICC,气源组件压力表,ICC1397
ICC,球阀,ICC1398
ICC,随行电机,ICC1399
ICC,真空发生器,ICC1400
ICC,真空管路,ICC1401
ICC,半月齿,ICC1402
ICC,地脚螺栓,ICC1403
ICC,滑台滑块,ICC1404
ICC,液压系统,ICC1405
ICC,浮动平台单元,ICC1406
ICC,激光头单元,ICC1407
ICC,检测平台单元,ICC1408
ICC,四轮定位标定动态小车,ICC1409
ICC,四轮定位标定架,ICC1410
ICC,四轮定位电气柜,ICC1411
ICC,钢丝绳轮,ICC1412
ICC,车辆到位光电,ICC1413
ICC,定位销,ICC1414
ICC,行走台车,ICC1415
ICC,线缆、气管,ICC1416
ICC,返修区地排,ICC1417
ICC,风管及风机,ICC1418
ICC,排气管道,ICC1419
ICC,气控回路,ICC1420
ICC,软管传输装置,ICC1421
ICC,夹持部分,ICC1422
ICC,主气缸,ICC1423
ICC,承重螺栓,ICC1424
ICC,行程开关,ICC1425
ICC,警报器,ICC1426
ICC,控制阀,ICC1427
ICC,气管接头,ICC1428
ICC,驱动,ICC1429
ICC,旋转关节,ICC1430
ICC,转动关节,ICC1431
ICC,顶升工位,ICC1432
ICC,优化工位,ICC1433
ICC,打标器,ICC1434
ICC,操作控制盒,ICC1435
ICC,拧紧部位,ICC1436
ICC,拧紧轴,ICC1437
ICC,随行小车,ICC1438
ICC,安全滚筒,ICC1439
ICC,抽排单元,ICC1440
ICC,隔音房,ICC1441
ICC,滚筒单元,ICC1442
ICC,后轴阻挡辊,ICC1443
ICC,举升单元,ICC1444
ICC,轮毂电机,ICC1445
ICC,手持终端OBD及外部线缆,ICC1446
ICC,转毂电气柜,ICC1447
ICC,俯仰气缸,ICC1448
ICC,摇摆气缸,ICC1449
ICC,传送皮带,ICC1450
ICC,对中卡爪,ICC1451
ICC,轮毂测量,ICC1452
ICC,推抬铲,ICC1453
ICC,压胎铲,ICC1454
ICC,制动电阻,ICC1455
ICC,装胎头,ICC1456
ICC,装胎头升降,ICC1457
ICC,辊筒,ICC1458
ICC,配重,ICC1459
ICC,皮带组件,ICC1460
ICC,伸缩臂,ICC1461
ICC,伸缩臂驱动链条,ICC1462
ICC,维修插销,ICC1463
ICC,现场模块,ICC1464
ICC,滑撬定位装置,ICC1465
ICC,堆（拆）垛支架,ICC1466
ICC,清洁,ICC1467
ICC,驱动部件,ICC1468
ICC,ID块,ICC1469
ICC,聚氨酯垫块,ICC1470
ICC,滑撬导向轮,ICC1471
ICC,机架、基座,ICC1472
ICC,摩擦轮,ICC1473
ICC,压紧轮,ICC1474
ICC,张紧机构,ICC1475
ICC,定位轴,ICC1476
ICC,活动挡块,ICC1477
ICC,驱动轮,ICC1478
ICC,工位控制盒,ICC1479
ICC,气动停止器,ICC1480
ICC,线体盖板,ICC1481
ICC,传送台,ICC1482
ICC,剪刀架,ICC1483
ICC,滑架组件,ICC1484
ICC,配重组件,ICC1485
ICC,上升、下降接近、行程开关,ICC1486
ICC,升降机本体,ICC1487
ICC,位置读写装置,ICC1488
ICC,扶正轮,ICC1489
ICC,行走组件,ICC1490
ICC,集电器,ICC1491
ICC,碳刷,ICC1492
ICC,小车控制器,ICC1493
ICC,转向机构,ICC1494
ICC,定位停止器,ICC1495
ICC,滚床皮带,ICC1496
ICC,滚床皮带轮,ICC1497
ICC,滚床驱动,ICC1498
ICC,驱动链条、链轮,ICC1499
ICC,轨道及轨道机架,ICC1500
ICC,行走轮及导向轮,ICC1501
ICC,万向联轴器,ICC1502
ICC,移行驱动,ICC1503
ICC,抱具开合机构,ICC1504
ICC,抱具开进行程开关,ICC1505
ICC,吊具停止器,ICC1506
ICC,读码头,ICC1507
ICC,扶正轨,ICC1508
ICC,滑板停止器,ICC1509
ICC,占位开关,ICC1510
ICC,AGV反光板,ICC1511
ICC,保护链组件,ICC1512
ICC,抱具机身,ICC1513
ICC,导轮组件,ICC1514
ICC,吊座组件,ICC1515
ICC,定位支撑组件,ICC1516
ICC,联系杆,ICC1517
ICC,前后车组件,ICC1518
ICC,前后挂钩组件,ICC1519
ICC,中车组,ICC1520
ICC,升降机立柱,ICC1521
ICC,升降机身架,ICC1522
ICC,升降机稳定支撑,ICC1523
ICC, 主驱摩擦轮,ICC1524
ICC,安装支架,ICC1525
ICC,对射开关,ICC1526
ICC,防坠落支架,ICC1527
ICC,保护链,ICC1528
ICC,前、后连接杆,ICC1529
ICC,推头挂钩,ICC1530
ICC,悬挂机构,ICC1531
ICC,链轮,ICC1532
ICC,气动夹紧装置,ICC1533
ICC,升降组件,ICC1534
ICC,翻转气缸,ICC1535
ICC,翻转箱,ICC1536
ICC,机架固定螺栓,ICC1537
ICC,气动组件,ICC1538
ICC,阻挡气缸,ICC1539
ICC,夹取装置,ICC1540
ICC,顶升组件,ICC1541
ICC,移行链轮链条,ICC1542
ICC,导电槽,ICC1543
ICC,导电排,ICC1544
ICC,LJU控制器,ICC1545
ICC,车体定位销,ICC1546
ICC,读码器,ICC1547
ICC,滑板支撑滚轮,ICC1548
ICC,聚源脂块,ICC1549
ICC,拉伸编码器,ICC1550
ICC,升降皮带,ICC1551
ICC,电机固定座,ICC1552
ICC,定位销连接板,ICC1553
ICC,滑板到位开关,ICC1554
ICC,线性滑轨、滑块,ICC1555
ICC,旋转从动轮装置,ICC1556
ICC,旋转定位装置,ICC1557
ICC,旋转接近、行程开关,ICC1558
ICC,旋转驱动装置,ICC1559
ICC,转轴,ICC1560
ICC,死挡,ICC1561
ICC,锁紧装置,ICC1562
ICC,碟簧,ICC1563
ICC,驱动编码器,ICC1564
ICC,传动齿轮,ICC1565
ICC,传动链轮链条,ICC1566
ICC,吹风系统,ICC1567
ICC,从动电机,ICC1568
ICC,导向辊,ICC1569
ICC,辅助走轮,ICC1570
ICC,配重装置,ICC1571
ICC,喷头,ICC1572
ICC,塑料板链,ICC1573
ICC,限位块,ICC1574
ICC,循环水系统,ICC1575
ICC,主动电机,ICC1576
ICC,板链,ICC1577
ICC,传动链轮,ICC1578
ICC,底部耐磨PE板,ICC1579
ICC,塑料板带,ICC1580
ICC,网络模块,ICC1581
ICC,张紧链轮组件,ICC1582
ICC,车体侧顶组件,ICC1583
ICC,行走滚轮组件,ICC1584
ICC,升降滚轮组件,ICC1585
ICC,随行侧顶机本体,ICC1586
ICC,随行驱动装置,ICC1587
ICC,托臂组件,ICC1588
ICC,前、中、后连接杆,ICC1589
ICC,脱钩装置,ICC1590
ICC,C型固定钢,ICC1591
ICC,条型二维码,ICC1592
ICC,打开装置,ICC1593
ICC,行走轮固定螺栓,ICC1594
ICC,行走驱动电机,ICC1595
ICC,皮带压板,ICC1596
ICC,铜套,ICC1597
ICC,小车防撞装置,ICC1598
ICC,胀套螺栓紧固,ICC1599
ICC,支撑块,ICC1600
ICC,轮胎挡边,ICC1601
ICC,电气部件及开关,ICC1602
ICC,接车抱臂组,ICC1603
ICC,托臂,ICC1604
ICC,端头锁紧装置,ICC1605
ICC,输送组件,ICC1606
ICC,电气部件,ICC1607
ICC,活挡,ICC1608
ICC,升降保险组件,ICC1609
ICC,升降传动装置,ICC1610
ICC,升降驱动,ICC1611
ICC,停止器,ICC1612
ICC,停止器/开关,ICC1613
ICC,移行电机,ICC1614
ICC,齿盘,ICC1615
ICC,皮带驱动,ICC1616
ICC,旋转驱动,ICC1617
ICC,滚筒输送线,ICC1618
ICC,卷废料机构,ICC1619
ICC,热封机,ICC1620
ICC,上膜铺膜机构,ICC1621
ICC,悬臂吊,ICC1622
ICC,导向杆,ICC1623
ICC,解锁气缸,ICC1624
ICC,推送装置,ICC1625
ICC,安全触边,ICC1626
ICC,急停,ICC1627
ICC,雷达,ICC1628
ICC,驱动轮和辅助轮,ICC1629
ICC,摄像头,ICC1630
ICC,电器组件,ICC1631
ICC,补液循环泵,ICC1632
ICC,加注泵,ICC1633
ICC,加注管路,ICC1634
ICC,加注系统,ICC1635
ICC,气路单元,ICC1636
ICC,线边补液循环管路,ICC1637
ICC,远程补液管路,ICC1638
ICC,氮气供液站液压系统,ICC1639
ICC,防拉开关,ICC1640
ICC,基本单元电器柜,ICC1641
ICC,加注管固定架,ICC1642
ICC,加注枪放置架,ICC1643
ICC,洗涤液基本单元,ICC1644
ICC,移动单元液压系统,ICC1645
ICC,电气元件,ICC1646
ICC,控制面板,ICC1647
ICC,气压检测开关 ,ICC1648
ICC,扫描枪,ICC1649
ICC,机器校准,ICC1650
ICC,挂钩系统,ICC1651
ICC,行走系统,ICC1652
ICC,托盘锁紧系统,ICC1653
ICC,轴距调整系统,ICC1654
ICC,堆垛工位,ICC1655
ICC,轮胎搭载,ICC1656
ICC,行走驱动组件,ICC1657
ICC,轮胎翻转组件,ICC1658
ICC,轮胎推送组件,ICC1659
ICC,水平滑移组件,ICC1660
ICC,拖链组件,ICC1661
ICC,主、从动轴组件,ICC1662
ICC,刹车片,ICC1663
ICC,主支撑架,ICC1664
ICC,360°全景电气柜,ICC1665
ICC,灯光调节枪,ICC1666
ICC,灯箱,ICC1667
ICC,移动机构,ICC1668
ICC,防冻液1基本单元,ICC1669
ICC,防冻液1移动单元,ICC1670
ICC,防冻液2基本单元,ICC1671
ICC,防冻液2移动单元,ICC1672
ICC,防冻液真空加注枪,ICC1673
ICC,冷媒基本单元,ICC1674
ICC,冷媒移动单元,ICC1675
ICC,冷媒真空加注枪,ICC1676
ICC,线边防冻液,ICC1677
ICC,线边冷媒,ICC1678
ICC,线边制动液,ICC1679
ICC,制动液基本单元,ICC1680
ICC,制动液移动单元,ICC1681
ICC,制动液真空加注枪,ICC1682
ICC,葫芦吊,ICC1683
ICC,测量枪头,ICC1684
ICC,电机皮带轮,ICC1685
ICC,叶轮皮带轮,ICC1686
ICC,推料机构,ICC1687
ICC,移栽机,ICC1688
ICC,操作盒,ICC1689
ICC,电路控制箱,ICC1690
ICC,负重系统,ICC1691
ICC,气路控制箱,ICC1692
ICC,随行轨道,ICC1693
ICC,侧顶机,ICC1694
ICC,支撑组件,ICC1695
ICC,电机减速机,ICC1696
ICC,夹紧臂组件,ICC1697
ICC,挡块,ICC1698
ICC,同步带,ICC1699
ICC,抱具开进减速、到位、限位行程开关,ICC1700
ICC,抱具锁紧装置,ICC1701
ICC,电机编码器,ICC1702
ICC,滑板推进机构,ICC1703
ICC,平台,ICC1704
ICC,联轴器 ,ICC1705
ICC,驱动滚筒,ICC1706
ICC,传动电机,ICC1707
ICC,传动链条,ICC1708
ICC,摩擦组件,ICC1709
ICC,前推装置,ICC1710
ICC,旋转电机,ICC1711
ICC,旋转机构,ICC1712
ICC,抱臂,ICC1713
ICC,机身基座,ICC1714
ICC,升降滑轨,ICC1715
ICC,输送电机,ICC1716
ICC,抱刹停止器,ICC1717
ICC,防晃装置,ICC1718
ICC,固定钩,ICC1719
ICC,活动钩,ICC1720
ICC,下层托辊,ICC1721
ICC,中间过渡装置,ICC1722
ICC,重锤装置,ICC1723
ICC,滑架辊道,ICC1724
ICC,接近、行程开关,ICC1725
ICC,剪刀臂组部,ICC1726
ICC,移栽电机,ICC1727
ICC,脚踏板,ICC1728
ICC,气缸停止器,ICC1729
ICC,大齿轮,ICC1730
ICC,同步皮带,ICC1731
ICC,旋转齿轮,ICC1732
ICC,标定装置ACC龙门架,ICC1733
ICC,车道偏离警示系统龙门架的标定装置/LDW,ICC1734
ICC,定心装置 前轴/后轴,ICC1735
ICC,激光测量装置,ICC1736
ICC,开关柜,ICC1737
ICC,气动系统,ICC1738
ICC,ACC反色板,ICC1739
ICC,LDW标靶,ICC1740
ICC,对中,ICC1741
ICC,环境标靶,ICC1742
ICC,角雷达龙门,ICC1743
ICC,吸波材料,ICC1744
ICC,油漆地面,ICC1745
ICC,滑轮、钢丝绳,ICC1746
ICC,驱动电机制动盘,ICC1747
ICC,电池合装RGV,ICC1748
ICC,电池上料,ICC1749
ICC,电池输送线,ICC1750
ICC,螺栓上料设备,ICC1751
ICC,蓄电池,ICC1752
ICC,吊机,ICC1753
ICC,制动盘,ICC1754
ICC,按钮,ICC1755
ICC,导航传感器,ICC1756
ICC,设备本身,ICC1757
ICC,恒温箱内部,ICC1758
ICC,导轨、开关,ICC1759
ICC,主回路动力线,ICC1760
ICC,泵内部,ICC1761
ICC,导向槽,ICC1762
ICC,连接端子,ICC1763
ICC,门帘,ICC1764
ICC,机箱,ICC1765
ICC,漏氟校准端口针头,ICC1766
ICC,线路,ICC1767
ICC,校准泄漏器,ICC1768
ICC,工控机内部,ICC1769
ICC,升降杆传动机构,ICC1770
ICC,小车行走轮,ICC1771
ICC,行走小车连接螺栓,ICC1772
ICC,机修手本体,ICC1773
ICC,轮胎夹具,ICC1774
ICC,电源,ICC1775
ICC,机械柱,ICC1776
ICC,前后桥自动拧紧设备,ICC1777
ICC,电枪及控制器,ICC1778
ICC,控制器,ICC1779
ICC,轨道连接螺栓,ICC1780
ICC,吸盘,ICC1781
ICC,胶站,ICC1782
ICC,涂胶站,ICC1783
ICC,导杆,ICC1784
ICC,电枪,ICC1785
ICC,滑轨、滑块,ICC1786
ICC,燃油泵拧紧设备,ICC1787
ICC,汽油泵过滤器,ICC1788
ICC,控制柜、扫码枪、加注枪电气线路,ICC1789
ICC,电枪动力头,ICC1790
ICC,手刹夹具定位销、连接螺栓,ICC1791
ICC,四轴液压举升机,ICC1792
ICC,抽排风筒,ICC1793
ICC,风机组控制线路、接触器,ICC1794
ICC,进风口滤网,ICC1795
ICC,控制箱内部,ICC1796
ICC,指示灯、按钮,ICC1797
ICC,气缸轨道,ICC1798
ICC,驱动轮、伺服编码器,ICC1799
ICC,小车升降杆传动机构,ICC1800
ICC,线缆及气管,ICC1801
ICC,前轴阻挡辊,ICC1802
ICC,电脑机箱,ICC1803
ICC,盖板、锁紧盘,ICC1804
ICC,滚珠板、滚珠支架,ICC1805
ICC,链条、链齿轮,ICC1806
ICC,轨道与轨道支架,ICC1807
ICC,线缆、线路,ICC1808
ICC,支架与轨道支架,ICC1809
ICC,设备主机,ICC1810
ICC,电机接线盒,ICC1811
ICC,断链保护开关,ICC1812
ICC,对轨机构,ICC1813
ICC,链条联轴器,ICC1814
ICC,齿条、滑轨,ICC1815
ICC,支撑座,ICC1816
ICC,道岔,ICC1817
ICC,减速器,ICC1818
ICC,张紧,ICC1819
ICC,抱具拨滑杆,ICC1820
ICC,托轨,ICC1821
ICC,电源模块,ICC1822
ICC,电源线,ICC1823
ICC,输送辊轮,ICC1824
ICC,托盘支撑螺栓,ICC1825
ICC,从动轮盘,ICC1826
ICC,面板,ICC1827
ICC,直线滑轨道,ICC1828
ICC,吊具,ICC1829
ICC,动力站,ICC1830
ICC,链条及轨道,ICC1831
